aX,aY,aZ,gX,gY,gZ
-6.56,-6.69,5.35,2.22,-1.99,1.91
-6.05,-6.18,4.95,2.19,-1.95,1.88
-5.68,-5.48,4.63,2.12,-1.87,1.83
-5.50,-4.78,4.27,2.03,-1.81,1.80
-5.33,-4.22,3.97,1.90,-1.78,1.80
-5.06,-3.84,3.70,1.74,-1.77,1.81
-4.72,-3.56,3.52,1.58,-1.77,1.81
-4.45,-3.25,3.43,1.41,-1.75,1.81
-4.25,-2.97,3.44,1.25,-1.73,1.82
-3.99,-2.70,3.55,1.11,-1.69,1.84
-3.62,-2.48,3.72,0.98,-1.63,1.87
-3.30,-2.29,4.09,0.88,-1.56,1.87
-3.18,-2.13,4.46,0.79,-1.50,1.85
-3.06,-2.04,4.78,0.71,-1.46,1.83
-2.69,-1.98,5.14,0.63,-1.44,1.80
-2.09,-1.90,5.49,0.56,-1.40,1.74
-1.55,-1.75,5.78,0.52,-1.30,1.63
-1.23,-1.49,6.10,0.50,-1.16,1.52
-1.07,-1.29,6.42,0.50,-1.00,1.43
-1.06,-1.18,6.80,0.51,-0.85,1.35
-1.24,-1.12,7.18,0.52,-0.72,1.28
-1.46,-1.00,7.58,0.52,-0.63,1.23
-1.51,-0.90,8.12,0.53,-0.58,1.20
-1.42,-0.89,8.68,0.55,-0.51,1.16
-1.40,-0.86,9.31,0.60,-0.44,1.12
-1.42,-0.81,9.78,0.67,-0.35,1.09
-1.41,-0.71,10.18,0.76,-0.26,1.06
-1.26,-0.57,10.56,0.86,-0.16,1.05
-0.96,-0.45,11.09,0.97,-0.05,1.04
-0.53,-0.36,11.57,1.12,0.09,1.01
-0.21,-0.26,12.24,1.31,0.25,0.97
-0.02,-0.20,12.84,1.56,0.40,0.92
0.07,0.07,13.24,1.82,0.53,0.86
0.38,0.36,13.48,2.08,0.62,0.79
0.91,0.58,13.41,2.36,0.69,0.69
1.45,0.82,13.17,2.64,0.73,0.54
1.85,1.03,12.72,2.92,0.75,0.36
2.02,1.23,11.98,3.21,0.77,0.16
2.08,1.48,11.10,3.46,0.75,-0.05
2.18,1.67,10.22,3.69,0.70,-0.26
2.38,1.77,9.22,3.91,0.69,-0.50
2.43,1.85,8.24,4.09,0.72,-0.78
2.18,1.98,7.15,4.26,0.81,-1.05
1.65,2.06,6.18,4.41,0.91,-1.28
0.97,2.09,5.13,4.53,1.02,-1.45
0.15,2.21,4.11,4.61,1.11,-1.58
-0.79,2.55,3.03,4.66,1.09,-1.65
-1.88,3.07,2.13,4.65,0.94,-1.66
-2.92,3.60,1.32,4.60,0.62,-1.64
-3.66,4.03,0.56,4.48,0.31,-1.63
-4.13,4.33,0.19,4.32,0.09,-1.65
-4.55,4.56,-0.08,4.13,-0.00,-1.68
-5.16,4.76,-0.44,3.91,0.03,-1.66
-6.06,4.93,-1.08,3.67,0.18,-1.57
-7.07,5.09,-1.95,3.42,0.34,-1.40
-7.98,5.24,-2.86,3.13,0.51,-1.18
-8.97,5.46,-3.35,2.83,0.64,-0.93
-10.01,5.75,-3.57,2.48,0.66,-0.64
-10.94,6.03,-3.80,2.09,0.52,-0.32
-11.62,6.29,-4.13,1.64,0.26,0.03
-11.88,6.52,-4.67,1.17,-0.00,0.39
-11.79,6.71,-5.12,0.68,-0.19,0.76
-11.45,6.86,-5.33,0.20,-0.28,1.14
-11.10,7.01,-5.19,-0.25,-0.28,1.55
-10.80,7.11,-4.91,-0.70,-0.28,2.02
-10.15,6.99,-4.68,-1.15,-0.31,2.50
-9.22,6.72,-4.59,-1.60,-0.36,2.91
-8.18,6.35,-4.52,-2.03,-0.38,3.24
-7.02,5.88,-4.37,-2.44,-0.31,3.53
-5.74,5.32,-3.90,-2.80,-0.17,3.78
-4.42,4.79,-2.98,-3.10,0.02,3.96
-3.30,4.38,-1.24,-3.33,0.17,4.08
-1.99,4.03,0.69,-3.47,0.17,4.15
-0.37,3.73,2.15,-3.52,0.16,4.13
1.06,3.59,2.86,-3.48,0.24,4.03
2.11,3.67,3.52,-3.36,0.38,3.88
3.24,3.77,4.37,-3.17,0.50,3.68
4.45,3.83,5.45,-2.94,0.64,3.42
5.34,3.97,6.76,-2.68,0.86,3.10
5.93,4.22,8.23,-2.38,1.01,2.76
6.35,4.47,9.26,-2.07,1.09,2.37
6.43,4.74,9.78,-1.75,1.10,1.98
6.38,4.98,9.67,-1.45,1.07,1.60
6.13,5.20,9.32,-1.17,1.03,1.20
5.88,5.32,9.03,-0.92,0.98,0.83
5.87,5.26,8.89,-0.71,0.92,0.48
5.90,5.13,8.74,-0.51,0.88,0.12
5.66,5.08,8.40,-0.33,0.89,-0.23
5.34,5.09,7.74,-0.18,0.96,-0.56
5.09,5.13,6.91,-0.08,1.08,-0.87
4.84,5.21,6.08,-0.02,1.23,-1.17
4.06,5.30,5.96,0.02,1.27,-1.44
2.71,5.27,5.86,0.03,1.19,-1.65
1.23,5.09,5.83,0.04,1.05,-1.79
0.22,5.01,5.51,0.03,0.87,-1.87
-0.12,5.19,5.09,-0.06,0.63,-1.90
0.29,5.40,4.61,-0.17,0.38,-1.93
1.35,5.48,3.98,-0.31,0.23,-2.01
2.64,5.32,3.77,-0.43,0.17,-2.17
3.41,4.93,4.38,-0.50,0.12,-2.39
3.30,4.32,4.73,-0.52,0.14,-2.64
2.60,3.56,4.81,-0.50,0.27,-2.85
1.85,2.92,4.53,-0.48,0.41,-3.02
1.55,2.50,3.88,-0.48,0.56,-3.20
1.72,2.27,3.26,-0.50,0.78,-3.41
1.99,2.05,3.06,-0.49,1.12,-3.67
1.48,1.66,3.46,-0.39,1.62,-3.96
-0.22,1.07,3.51,-0.21,2.46,-4.20
-2.44,0.47,3.52,0.01,3.41,-4.33
-4.33,0.05,3.45,0.27,4.25,-4.34
-5.45,-0.29,3.33,0.58,4.92,-4.30
-6.93,-0.47,2.95,0.93,5.33,-4.26
-8.85,-0.67,2.48,1.24,5.41,-4.16
-10.52,-0.96,2.13,1.48,5.13,-4.02
-11.42,-1.24,1.73,1.62,4.59,-3.87
-11.42,-1.36,1.50,1.67,3.84,-3.76
-11.35,-1.19,1.14,1.64,3.00,-3.68
-11.45,-1.01,1.08,1.50,2.11,-3.58
-11.59,-1.12,0.73,1.28,1.24,-3.47
-11.59,-1.52,0.17,1.01,0.63,-3.33
-11.37,-1.94,-0.32,0.72,0.30,-3.19
-11.06,-2.21,-0.71,0.43,0.16,-3.07
-10.66,-2.32,-1.10,0.14,0.15,-2.97
-10.53,-2.40,-1.30,-0.12,0.17,-2.89
-10.94,-2.61,-1.04,-0.34,0.07,-2.79
-11.92,-2.92,-0.52,-0.53,-0.21,-2.67
-12.90,-3.25,0.12,-0.71,-0.62,-2.49
-13.14,-3.48,0.62,-0.91,-1.17,-2.28
-12.69,-3.42,0.81,-1.11,-1.71,-2.09
-12.11,-3.11,0.57,-1.29,-2.13,-1.90
-10.89,-3.03,0.06,-1.53,-2.49,-1.76
-9.72,-3.17,-0.33,-1.80,-2.67,-1.69
-8.93,-3.43,-0.34,-2.03,-2.69,-1.66
-8.66,-3.80,0.06,-2.23,-2.59,-1.65
-8.73,-4.25,0.95,-2.38,-2.49,-1.62
-8.88,-4.67,2.14,-2.47,-2.45,-1.54
-8.98,-4.98,3.07,-2.51,-2.49,-1.41
-8.97,-5.20,3.53,-2.53,-2.53,-1.25
-8.77,-5.29,3.49,-2.56,-2.53,-1.08
-8.45,-5.35,3.42,-2.59,-2.50,-0.92
-8.04,-5.43,3.34,-2.62,-2.43,-0.80
-7.55,-5.54,3.50,-2.64,-2.32,-0.70
-6.95,-5.66,3.75,-2.65,-2.20,-0.63
-6.33,-5.79,4.02,-2.63,-2.06,-0.58
-5.72,-5.93,4.29,-2.59,-1.86,-0.55
-5.21,-6.08,4.60,-2.52,-1.59,-0.55
-4.82,-6.28,5.07,-2.41,-1.29,-0.56
-4.53,-6.49,5.46,-2.26,-0.99,-0.58
-4.28,-6.67,5.56,-2.11,-0.70,-0.62
-4.02,-6.86,5.49,-1.95,-0.46,-0.67
-3.94,-7.07,5.33,-1.78,-0.22,-0.74
-4.04,-7.25,5.14,-1.60,0.03,-0.81
-4.20,-7.40,5.00,-1.43,0.27,-0.88
-4.31,-7.53,4.87,-1.27,0.51,-0.93
-4.34,-7.69,4.74,-1.13,0.76,-0.98
-4.39,-7.85,4.61,-0.98,1.01,-1.02
-4.52,-8.02,4.40,-0.85,1.25,-1.05
-4.77,-8.17,4.16,-0.73,1.47,-1.06
-5.14,-8.29,3.90,-0.63,1.62,-1.05
-5.56,-8.38,3.66,-0.56,1.68,-1.02
-5.90,-8.48,3.51,-0.50,1.65,-0.96
-6.10,-8.60,3.39,-0.46,1.56,-0.90
-6.21,-8.73,3.29,-0.42,1.42,-0.84
-6.29,-8.83,3.20,-0.38,1.24,-0.76
-6.37,-8.91,3.06,-0.33,1.05,-0.67
-6.54,-8.95,2.98,-0.28,0.80,-0.56
-6.75,-8.94,2.82,-0.24,0.49,-0.42
-6.89,-8.91,2.64,-0.20,0.15,-0.26
-6.80,-8.85,2.36,-0.18,-0.19,-0.10
-6.40,-8.82,2.01,-0.17,-0.46,0.04
-5.80,-8.79,1.64,-0.16,-0.67,0.16
-5.21,-8.74,1.35,-0.15,-0.79,0.24
-4.75,-8.68,1.10,-0.13,-0.84,0.30
-4.42,-8.61,0.89,-0.11,-0.82,0.35
-4.22,-8.54,0.76,-0.09,-0.76,0.39
-4.09,-8.47,0.68,-0.07,-0.67,0.42
-4.00,-8.40,0.62,-0.05,-0.58,0.44
-3.92,-8.32,0.58,-0.03,-0.49,0.45
-3.84,-8.25,0.53,-0.01,-0.42,0.44
-3.75,-8.20,0.51,0.00,-0.35,0.42
-3.68,-8.15,0.47,0.01,-0.28,0.37
-3.63,-8.11,0.44,0.02,-0.21,0.32
-3.59,-8.06,0.41,0.03,-0.13,0.27
-3.57,-8.02,0.38,0.03,-0.06,0.21
-3.55,-7.98,0.34,0.03,0.01,0.14
-3.56,-7.94,0.30,0.03,0.08,0.09
-3.62,-7.92,0.28,0.02,0.15,0.03
-3.73,-7.91,0.28,0.01,0.19,-0.02
-3.83,-7.90,0.29,-0.02,0.21,-0.06
-3.92,-7.92,0.28,-0.05,0.21,-0.09
-3.97,-7.95,0.22,-0.09,0.20,-0.12
-4.01,-7.99,0.20,-0.13,0.19,-0.15
-4.07,-8.06,0.19,-0.18,0.16,-0.17
-4.14,-8.11,0.24,-0.23,0.13,-0.18
-4.20,-8.17,0.36,-0.28,0.08,-0.19
-4.23,-8.25,0.52,-0.32,0.04,-0.20
-4.24,-8.35,0.71,-0.34,0.02,-0.19
-4.21,-8.47,0.90,-0.36,0.01,-0.19
-4.12,-8.56,1.09,-0.35,0.04,-0.18
-4.02,-8.63,1.25,-0.34,0.10,-0.17
-3.96,-8.67,1.46,-0.30,0.20,-0.16
-3.95,-8.70,1.72,-0.24,0.32,-0.16
-4.01,-8.70,1.97,-0.18,0.41,-0.15
-4.13,-8.68,2.07,-0.11,0.45,-0.14
-4.25,-8.60,2.02,-0.06,0.45,-0.13
-4.33,-8.51,1.91,-0.03,0.41,-0.13
-4.34,-8.42,1.72,-0.01,0.34,-0.13
-4.34,-8.38,1.49,-0.00,0.28,-0.13
-4.37,-8.35,1.31,-0.01,0.22,-0.13
-4.43,-8.34,1.15,-0.01,0.16,-0.12
-4.49,-8.32,1.01,-0.02,0.11,-0.12
-4.53,-8.29,0.89,-0.04,0.05,-0.11
-4.56,-8.26,0.78,-0.05,-0.02,-0.11
-4.55,-8.24,0.69,-0.07,-0.08,-0.10
-4.54,-8.24,0.61,-0.09,-0.14,-0.10
-4.51,-8.24,0.58,-0.11,-0.19,-0.09
-4.48,-8.26,0.56,-0.12,-0.23,-0.08
-4.44,-8.27,0.55,-0.12,-0.24,-0.06
-4.40,-8.26,0.52,-0.12,-0.24,-0.05
-4.36,-8.24,0.49,-0.11,-0.22,-0.03
-4.33,-8.23,0.46,-0.11,-0.21,-0.02
-4.29,-8.22,0.43,-0.10,-0.19,-0.02
-4.24,-8.23,0.41,-0.09,-0.16,-0.01
-4.19,-8.25,0.40,-0.07,-0.13,-0.01
-4.15,-8.27,0.39,-0.06,-0.10,-0.00
-4.13,-8.27,0.37,-0.05,-0.07,-0.00
-4.11,-8.29,0.37,-0.05,-0.04,-0.00
-4.09,-8.32,0.36,-0.04,-0.01,-0.00
-4.09,-8.36,0.35,-0.04,0.01,-0.00
-4.10,-8.38,0.36,-0.04,0.03,-0.00
-4.10,-8.39,0.39,-0.04,0.03,0.00
-4.10,-8.38,0.44,-0.05,0.03,0.00
-4.09,-8.38,0.47,-0.06,0.02,0.00
-4.07,-8.38,0.52,-0.06,0.01,0.00
-4.06,-8.40,0.57,-0.07,-0.00,-0.00
-4.04,-8.40,0.61,-0.07,-0.01,-0.00
-3.99,-8.40,0.65,-0.07,-0.02,-0.00
-3.96,-8.40,0.68,-0.07,-0.01,-0.00
-3.94,-8.40,0.72,-0.06,0.00,-0.01
-3.96,-8.41,0.74,-0.06,0.02,-0.01
-3.98,-8.41,0.75,-0.05,0.02,-0.01
-3.99,-8.40,0.75,-0.05,0.03,-0.02
-4.00,-8.40,0.73,-0.04,0.03,-0.02
-4.02,-8.40,0.69,-0.04,0.04,-0.03
-4.05,-8.40,0.67,-0.03,0.04,-0.03
-4.10,-8.39,0.63,-0.03,0.05,-0.04
-4.13,-8.39,0.62,-0.02,0.05,-0.04
-4.16,-8.39,0.59,-0.02,0.04,-0.04
-4.17,-8.40,0.57,-0.02,0.04,-0.03
-4.19,-8.40,0.56,-0.02,0.03,-0.02
-4.19,-8.40,0.55,-0.02,0.02,-0.02
-4.17,-8.42,0.53,-0.02,0.02,-0.01
-4.17,-8.43,0.51,-0.02,0.01,-0.00
-4.15,-8.44,0.50,-0.02,0.00,0.00
-4.13,-8.44,0.49,-0.02,-0.00,0.01
-4.09,-8.44,0.49,-0.02,-0.01,0.01
-4.04,-8.44,0.48,-0.02,-0.01,0.01
-4.01,-8.44,0.49,-0.03,-0.01,0.01
-3.99,-8.44,0.49,-0.03,0.00,0.01
-3.99,-8.44,0.51,-0.03,0.01,0.01
-3.99,-8.45,0.55,-0.03,0.01,0.01
-4.00,-8.46,0.60,-0.03,0.01,0.00
-4.00,-8.46,0.63,-0.03,0.02,-0.00
-4.01,-8.46,0.67,-0.02,0.02,-0.01
-4.01,-8.48,0.68,-0.02,0.03,-0.01
-4.02,-8.49,0.69,-0.01,0.03,-0.01
-4.02,-8.48,0.68,-0.00,0.04,-0.01
-4.02,-8.44,0.69,0.00,0.04,-0.01
-4.00,-8.41,0.68,0.01,0.04,-0.01
-3.99,-8.39,0.66,0.01,0.03,-0.01
-3.98,-8.39,0.63,0.00,0.03,-0.01
-3.98,-8.43,0.60,-0.00,0.02,-0.00
-3.95,-8.47,0.57,-0.01,0.02,-0.00
-3.93,-8.50,0.57,-0.01,0.02,-0.01
-3.93,-8.49,0.57,-0.01,0.03,-0.01
-3.95,-8.47,0.58,-0.01,0.04,-0.01
-3.97,-8.44,0.59,-0.01,0.04,-0.01
-4.00,-8.42,0.58,-0.01,0.05,-0.01
-4.02,-8.40,0.58,-0.01,0.05,-0.01
-4.03,-8.39,0.57,-0.01,0.05,-0.01
-4.02,-8.39,0.58,-0.01,0.05,-0.01
-4.03,-8.38,0.58,-0.01,0.06,-0.02
-4.05,-8.39,0.59,-0.01,0.06,-0.02
-4.06,-8.38,0.60,-0.01,0.06,-0.02
-4.08,-8.38,0.60,-0.01,0.07,-0.02
-4.10,-8.38,0.60,-0.01,0.06,-0.01
-4.12,-8.37,0.61,-0.01,0.06,-0.01
-4.12,-8.37,0.61,-0.01,0.05,-0.00
-4.11,-8.37,0.60,-0.02,0.04,0.00
-4.10,-8.38,0.59,-0.02,0.03,0.01
-4.08,-8.40,0.59,-0.02,0.02,0.01
-4.06,-8.41,0.60,-0.03,0.01,0.02
-4.04,-8.44,0.61,-0.03,0.01,0.02
-4.02,-8.46,0.62,-0.03,0.00,0.02
-3.99,-8.47,0.62,-0.03,0.00,0.02
-3.96,-8.48,0.62,-0.03,0.00,0.02
-3.93,-8.48,0.60,-0.02,0.01,0.01
-3.91,-8.46,0.59,-0.02,0.01,0.01
-3.92,-8.46,0.60,-0.02,0.02,0.01
-3.91,-8.45,0.60,-0.02,0.02,0.00
aX,aY,aZ,gX,gY,gZ
-4.31,-9.46,5.11,1.34,1.65,0.21
-4.75,-9.39,5.73,1.55,1.89,0.28
-5.32,-9.27,6.29,1.78,2.09,0.39
-6.09,-9.10,6.88,2.00,2.19,0.51
-6.98,-8.96,7.50,2.20,2.16,0.64
-7.78,-8.92,8.05,2.39,2.01,0.79
-8.42,-8.98,8.47,2.56,1.80,0.94
-8.96,-9.09,8.58,2.73,1.61,1.10
-9.55,-9.27,8.52,2.92,1.46,1.27
-10.07,-9.42,8.20,3.10,1.38,1.47
-10.47,-9.55,7.88,3.28,1.39,1.70
-10.88,-9.70,7.69,3.47,1.46,1.96
-11.47,-9.82,7.34,3.68,1.48,2.22
-12.22,-9.81,6.95,3.89,1.39,2.50
-12.87,-9.71,6.51,4.07,1.20,2.80
-13.21,-9.60,5.80,4.23,0.99,3.10
-13.31,-9.44,5.01,4.35,0.81,3.36
-13.11,-9.18,4.34,4.43,0.68,3.57
-12.64,-8.75,3.63,4.48,0.63,3.73
-12.24,-8.14,2.73,4.50,0.66,3.83
-12.34,-7.45,1.98,4.48,0.74,3.89
-13.01,-6.76,1.36,4.44,0.81,3.96
-13.80,-6.18,0.88,4.33,0.76,4.08
-14.30,-5.81,0.55,4.18,0.60,4.24
-14.40,-5.62,0.18,3.98,0.42,4.40
-14.34,-5.54,-0.09,3.75,0.20,4.53
-14.38,-5.43,-0.38,3.50,0.00,4.66
-14.42,-5.40,-0.57,3.21,-0.17,4.81
-14.40,-5.48,-0.76,2.92,-0.41,4.99
-13.87,-5.59,-1.16,2.62,-0.68,5.19
-12.54,-5.65,-1.70,2.33,-0.95,5.39
-10.69,-5.47,-2.28,2.05,-1.18,5.52
-8.84,-5.03,-2.71,1.79,-1.32,5.60
-7.17,-4.46,-3.11,1.55,-1.36,5.66
-5.73,-3.94,-3.12,1.32,-1.33,5.74
-4.61,-3.51,-3.25,1.10,-1.20,5.82
-3.82,-3.14,-3.07,0.86,-1.00,5.90
-3.17,-2.82,-2.95,0.62,-0.76,5.94
-2.55,-2.58,-2.43,0.37,-0.57,5.92
-1.87,-2.38,-1.88,0.13,-0.41,5.81
-1.06,-2.14,-1.09,-0.08,-0.30,5.66
-0.26,-1.59,-0.45,-0.28,-0.25,5.58
1.21,-1.34,0.07,-0.44,-0.16,5.61
2.75,-1.09,0.45,-0.55,0.01,5.50
3.71,-0.54,0.70,-0.61,0.25,5.27
4.31,0.09,1.18,-0.63,0.40,5.03
5.31,0.59,1.57,-0.62,0.48,4.77
6.56,1.12,2.13,-0.60,0.63,4.46
7.69,1.82,2.86,-0.54,0.80,4.14
8.65,2.49,3.93,-0.49,0.93,3.81
9.57,2.98,5.09,-0.41,0.96,3.46
10.46,3.34,6.11,-0.33,0.88,3.10
11.44,3.64,6.91,-0.25,0.74,2.73
12.62,3.97,7.51,-0.15,0.52,2.35
13.92,4.35,7.81,-0.06,0.26,1.93
14.97,4.71,7.75,0.04,0.08,1.47
15.47,5.00,7.51,0.13,-0.01,1.00
15.48,5.18,7.25,0.21,-0.08,0.54
15.26,5.35,7.05,0.28,-0.13,0.09
14.81,5.54,7.01,0.34,-0.17,-0.34
14.09,5.69,7.06,0.40,-0.25,-0.73
13.12,5.73,7.16,0.46,-0.41,-1.09
12.10,5.69,7.15,0.51,-0.67,-1.41
11.25,5.60,6.98,0.55,-0.99,-1.70
10.62,5.48,6.64,0.58,-1.36,-1.98
10.08,5.29,6.10,0.59,-1.69,-2.29
9.54,5.05,5.35,0.60,-1.97,-2.59
9.08,4.78,4.40,0.59,-2.09,-2.89
8.57,4.59,3.43,0.57,-2.03,-3.18
8.01,4.43,2.49,0.53,-1.79,-3.45
7.42,4.25,1.63,0.48,-1.40,-3.69
6.78,4.02,0.82,0.43,-0.90,-3.91
6.00,3.77,0.12,0.38,-0.33,-4.10
5.06,3.51,-0.29,0.34,0.25,-4.24
4.13,3.25,-0.54,0.31,0.77,-4.34
3.32,2.97,-0.60,0.28,1.20,-4.43
2.52,2.75,-0.45,0.27,1.48,-4.50
1.87,2.56,-0.36,0.27,1.61,-4.54
1.27,2.38,-0.12,0.27,1.64,-4.56
0.68,2.26,-0.04,0.29,1.55,-4.57
0.14,2.16,-0.13,0.30,1.41,-4.56
-0.35,1.99,-0.37,0.29,1.27,-4.56
-0.79,1.71,-0.62,0.28,1.12,-4.59
-1.13,1.26,-0.95,0.24,0.97,-4.64
-1.37,0.67,-1.26,0.17,0.84,-4.73
-1.54,-0.04,-1.51,0.10,0.76,-4.85
-1.59,-0.79,-1.67,0.03,0.71,-5.00
-1.58,-1.54,-1.77,-0.04,0.69,-5.18
-1.73,-2.33,-1.82,-0.11,0.71,-5.37
-2.22,-3.24,-1.83,-0.18,0.74,-5.56
-2.81,-4.30,-2.09,-0.25,0.84,-5.76
-3.24,-5.65,-2.58,-0.29,1.15,-5.97
-3.77,-7.23,-3.03,-0.26,1.75,-6.25
-5.35,-8.88,-3.16,-0.15,2.29,-6.53
-8.48,-10.47,-2.93,0.02,2.52,-6.66
-12.11,-11.47,-2.15,0.21,2.40,-6.53
-14.42,-11.61,-1.70,0.35,1.98,-6.20
-14.98,-11.13,-2.31,0.45,1.67,-5.83
-14.89,-10.47,-3.35,0.56,1.73,-5.50
-15.39,-9.73,-4.26,0.71,2.03,-5.20
-17.50,-8.60,-4.84,0.84,2.13,-4.80
-20.19,-6.99,-4.85,0.92,2.02,-4.22
-21.87,-5.37,-4.65,0.94,1.70,-3.56
-22.34,-4.05,-4.79,0.93,1.32,-2.96
-22.12,-3.06,-5.04,0.90,1.07,-2.46
-21.66,-2.27,-5.29,0.88,0.94,-2.00
-21.55,-1.63,-5.87,0.82,0.92,-1.50
-22.54,-0.91,-6.36,0.74,1.05,-0.85
-23.62,-0.16,-6.73,0.61,1.11,0.03
-24.35,0.46,-7.09,0.45,1.17,1.03
-24.21,1.01,-7.23,0.26,1.10,2.11
-23.97,1.43,-7.42,0.05,1.02,3.10
-22.43,1.58,-7.45,-0.16,0.77,3.91
-22.63,1.79,-7.84,-0.33,0.66,4.64
-23.01,1.76,-7.96,-0.48,0.66,5.31
-22.53,1.42,-7.95,-0.65,0.56,5.83
-21.55,0.96,-7.89,-0.83,0.48,6.12
-20.37,0.76,-8.07,-0.96,0.46,6.21
-19.57,0.65,-8.11,-1.06,0.52,6.14
-18.98,0.32,-8.30,-1.18,0.54,5.97
-18.61,-0.04,-8.40,-1.35,0.54,5.77
-18.32,-0.44,-8.53,-1.56,0.47,5.60
-17.70,-0.99,-8.55,-1.80,0.37,5.50
-16.57,-1.53,-8.46,-2.07,0.25,5.46
-15.30,-1.78,-8.23,-2.34,0.12,5.48
-14.34,-1.77,-8.02,-2.59,0.02,5.59
-13.36,-1.78,-7.82,-2.79,-0.07,5.76
-12.32,-1.65,-7.62,-2.97,-0.16,5.94
-11.25,-1.54,-7.17,-3.11,-0.21,6.06
-10.14,-1.53,-6.45,-3.19,-0.26,6.08
-8.88,-1.55,-5.47,-3.26,-0.34,6.01
-7.43,-1.50,-4.38,-3.32,-0.51,5.88
-6.02,-1.38,-3.45,-3.35,-0.71,5.75
-4.83,-1.24,-2.70,-3.32,-0.86,5.68
-3.98,-1.14,-2.27,-3.25,-0.97,5.65
-3.36,-1.16,-1.97,-3.12,-0.98,5.66
-2.67,-1.29,-1.65,-2.97,-0.94,5.70
-1.93,-1.53,-1.58,-2.80,-0.86,5.74
-1.06,-1.84,-1.56,-2.64,-0.75,5.80
-0.12,-2.14,-1.28,-2.47,-0.61,5.80
0.65,-2.24,-1.21,-2.32,-0.44,5.74
1.27,-2.28,-0.79,-2.23,-0.28,5.62
1.79,-2.37,-0.49,-2.21,-0.18,5.47
1.97,-2.47,0.34,-2.21,-0.15,5.30
2.06,-2.55,1.04,-2.20,-0.18,5.16
2.41,-2.75,1.82,-2.20,-0.23,5.05
3.16,-3.07,2.58,-2.19,-0.27,4.93
4.04,-3.40,3.31,-2.13,-0.31,4.79
5.23,-3.78,3.80,-2.06,-0.34,4.62
6.83,-4.26,4.32,-1.99,-0.35,4.40
8.67,-4.69,4.78,-1.87,-0.30,4.12
10.50,-5.06,5.22,-1.69,-0.16,3.76
12.14,-5.34,5.62,-1.45,0.07,3.33
13.25,-5.52,6.22,-1.14,0.33,2.86
13.90,-5.58,6.86,-0.79,0.56,2.41
14.56,-5.55,7.51,-0.47,0.73,1.96
15.06,-5.36,8.05,-0.22,0.83,1.48
15.34,-5.06,8.57,-0.05,0.84,0.98
15.40,-4.77,9.06,0.04,0.78,0.48
15.33,-4.51,9.35,0.07,0.64,-0.02
15.07,-4.19,9.42,0.03,0.43,-0.49
14.71,-3.88,9.34,-0.03,0.19,-0.91
14.31,-3.65,9.23,-0.09,-0.04,-1.30
13.81,-3.51,9.18,-0.12,-0.23,-1.66
13.29,-3.49,9.22,-0.12,-0.42,-2.00
12.75,-3.46,9.11,-0.11,-0.60,-2.35
12.12,-3.34,8.83,-0.10,-0.78,-2.70
11.44,-3.09,8.34,-0.12,-0.98,-3.06
10.74,-2.77,7.78,-0.17,-1.16,-3.43
10.05,-2.38,7.13,-0.25,-1.35,-3.81
9.46,-1.93,6.36,-0.34,-1.48,-4.25
9.02,-1.69,5.68,-0.43,-1.55,-4.72
8.72,-1.80,4.90,-0.42,-1.43,-5.24
8.28,-1.82,4.24,-0.29,-1.17,-5.75
7.39,-1.69,3.67,-0.07,-0.87,-6.11
6.14,-1.25,2.92,0.21,-0.57,-6.22
4.68,-0.46,2.34,0.43,-0.32,-6.04
3.41,0.40,1.74,0.57,-0.15,-5.65
2.58,1.09,1.40,0.63,0.00,-5.26
2.09,1.58,1.33,0.61,0.05,-5.00
1.70,1.88,1.32,0.50,-0.01,-4.89
1.28,2.10,1.26,0.34,-0.16,-4.85
1.04,2.26,1.01,0.15,-0.28,-4.82
1.04,2.38,0.87,-0.02,-0.31,-4.80
1.03,2.50,0.56,-0.16,-0.25,-4.76
0.92,2.59,0.12,-0.29,-0.09,-4.72
0.77,2.65,-0.36,-0.40,0.16,-4.65
0.48,2.67,-0.43,-0.49,0.53,-4.58
-0.23,2.66,-0.26,-0.53,0.90,-4.49
-1.41,2.62,0.10,-0.54,1.26,-4.35
-2.76,2.57,0.76,-0.53,1.50,-4.18
-4.05,2.55,1.52,-0.53,1.54,-4.04
-5.44,2.60,2.14,-0.54,1.45,-3.95
-6.88,2.67,2.27,-0.57,1.29,-3.92
-8.03,2.80,2.11,-0.65,1.14,-3.92
-8.41,3.00,1.90,-0.79,1.05,-3.89
-8.29,3.07,2.06,-0.86,1.11,-3.82
-8.83,3.03,2.64,-0.79,1.26,-3.70
-10.27,3.09,3.22,-0.64,1.38,-3.46
-11.94,3.34,3.77,-0.48,1.42,-3.11
-13.04,3.81,4.21,-0.33,1.37,-2.73
-13.34,4.43,4.41,-0.19,1.28,-2.43
-13.10,5.09,4.34,-0.08,1.20,-2.24
-12.71,5.68,4.01,0.03,1.21,-2.12
-12.21,6.08,3.79,0.15,1.39,-2.01
-12.00,6.41,3.84,0.35,1.55,-1.86
-12.58,6.94,3.73,0.55,1.56,-1.66
-13.53,7.63,3.44,0.70,1.43,-1.38
-14.34,8.39,3.20,0.79,1.23,-1.07
-14.82,9.10,3.09,0.81,1.01,-0.77
-15.10,9.61,2.98,0.78,0.74,-0.50
-15.36,9.89,3.09,0.73,0.48,-0.22
-15.73,10.05,3.14,0.71,0.20,0.08
-16.25,10.18,3.14,0.70,-0.07,0.43
-16.77,10.22,3.10,0.69,-0.32,0.83
-17.04,10.11,2.94,0.65,-0.59,1.26
-16.95,9.83,2.80,0.61,-0.83,1.68
-16.51,9.44,2.70,0.58,-1.04,2.06
-15.95,8.94,2.73,0.58,-1.17,2.41
-15.46,8.46,2.86,0.65,-1.24,2.71
-15.18,8.10,2.89,0.78,-1.27,3.00
-14.98,7.75,2.74,0.90,-1.31,3.29
-14.66,7.32,2.50,0.96,-1.41,3.59
-14.12,6.78,2.23,0.99,-1.54,3.87
-13.37,6.17,1.89,1.01,-1.65,4.13
-12.46,5.58,1.49,1.04,-1.74,4.34
-11.40,4.97,1.02,1.07,-1.80,4.52
-10.11,4.35,0.63,1.09,-1.86,4.64
-8.62,3.75,0.22,1.09,-1.94,4.70
-7.04,3.15,-0.23,1.09,-1.99,4.69
-5.49,2.63,-0.84,1.08,-2.01,4.63
-3.98,2.23,-1.48,1.07,-1.99,4.54
-2.66,2.00,-1.95,1.06,-1.90,4.46
-1.55,1.85,-2.28,1.07,-1.75,4.42
-0.69,1.63,-2.41,1.09,-1.54,4.41
-0.11,1.31,-2.37,1.13,-1.27,4.40
0.23,0.94,-2.36,1.17,-0.98,4.39
0.55,0.56,-2.20,1.18,-0.74,4.39
1.01,0.30,-2.13,1.16,-0.56,4.38
1.66,0.22,-2.14,1.11,-0.39,4.35
2.35,0.29,-2.35,1.04,-0.20,4.32
2.86,0.47,-2.66,0.96,0.07,4.28
3.30,0.66,-2.67,0.88,0.36,4.24
3.97,0.76,-2.46,0.79,0.57,4.19
4.93,0.79,-2.17,0.68,0.73,4.11
5.98,0.80,-1.79,0.56,0.90,4.00
7.04,0.85,-1.31,0.47,1.05,3.86
8.08,1.09,-0.82,0.43,1.23,3.87
9.95,1.04,-0.41,0.42,1.50,3.92
11.60,1.07,-0.11,0.40,1.77,3.76
12.47,1.39,0.11,0.40,2.05,3.54
13.14,1.55,0.58,0.42,2.28,3.35
14.02,1.45,1.36,0.39,2.34,3.10
14.79,1.18,2.30,0.29,2.18,2.73
15.38,0.88,3.11,0.16,1.86,2.28
15.96,0.58,3.63,0.01,1.47,1.84
16.44,0.33,3.87,-0.12,1.11,1.40
16.79,0.17,4.02,-0.23,0.80,0.97
16.95,0.04,4.21,-0.32,0.52,0.53
16.98,-0.07,4.45,-0.37,0.25,0.09
16.93,-0.13,4.62,-0.42,-0.01,-0.35
16.71,-0.13,4.65,-0.45,-0.23,-0.78
16.23,-0.09,4.56,-0.46,-0.38,-1.18
15.49,0.02,4.42,-0.46,-0.50,-1.55
14.72,0.13,4.36,-0.46,-0.61,-1.88
14.00,0.19,4.31,-0.47,-0.75,-2.20
13.35,0.17,4.34,-0.48,-0.92,-2.50
12.84,0.06,4.31,-0.50,-1.12,-2.82
12.39,-0.03,4.15,-0.50,-1.28,-3.14
11.88,0.06,3.80,-0.50,-1.35,-3.46
11.18,0.17,3.28,-0.52,-1.37,-3.77
10.35,0.31,2.57,-0.55,-1.31,-4.06
9.48,0.52,1.91,-0.56,-1.18,-4.31
8.64,0.76,1.27,-0.52,-0.93,-4.50
7.69,1.07,0.71,-0.46,-0.59,-4.64
6.56,1.41,0.21,-0.38,-0.22,-4.74
5.37,1.72,-0.26,-0.30,0.14,-4.79
4.07,1.99,-0.59,-0.25,0.45,-4.81
2.83,2.26,-0.81,-0.24,0.68,-4.80
1.84,2.52,-0.85,-0.27,0.79,-4.77
1.12,2.77,-0.83,-0.32,0.79,-4.71
0.66,3.03,-0.94,-0.41,0.72,-4.63
0.47,3.22,-1.09,-0.54,0.67,-4.55
0.32,3.34,-1.21,-0.66,0.72,-4.46
-0.01,3.40,-1.39,-0.76,0.90,-4.36
-0.68,3.50,-1.31,-0.83,1.20,-4.22
-1.71,3.73,-0.98,-0.90,1.53,-4.05
-2.86,4.02,-0.42,-0.98,1.81,-3.85
-3.91,4.19,0.28,-1.06,2.02,-3.66
-4.84,4.22,1.06,-1.15,2.14,-3.52
-5.80,4.25,1.64,-1.23,2.13,-3.39
-6.75,4.30,1.86,-1.29,2.11,-3.26
-7.59,4.39,2.19,-1.33,2.09,-3.10
-8.36,4.57,2.60,-1.33,2.00,-2.89
-9.11,4.72,2.81,-1.28,1.91,-2.66
-10.00,4.88,3.09,-1.17,1.84,-2.42
-10.88,5.12,3.49,-1.03,1.72,-2.17
-11.60,5.53,3.88,-0.88,1.51,-1.93
-12.35,6.32,4.11,-0.72,1.25,-1.68
-12.62,7.25,4.31,-0.56,0.99,-1.42
aX,aY,aZ,gX,gY,gZ
-10.37,7.47,-1.20,-0.45,-1.29,4.03
-8.96,6.81,-1.25,-0.49,-1.47,4.11
-7.61,6.16,-1.28,-0.49,-1.59,4.15
-6.43,5.62,-1.28,-0.46,-1.66,4.17
-5.39,5.20,-1.45,-0.40,-1.64,4.20
-4.46,4.83,-1.52,-0.32,-1.51,4.23
-3.60,4.58,-1.50,-0.24,-1.36,4.25
-2.77,4.38,-1.46,-0.16,-1.21,4.25
-1.96,4.18,-1.37,-0.11,-1.09,4.20
-1.32,3.92,-1.22,-0.08,-0.99,4.13
-0.88,3.60,-1.29,-0.08,-0.91,4.05
-0.48,3.20,-1.20,-0.10,-0.83,3.98
0.01,2.85,-1.17,-0.13,-0.78,3.90
0.59,2.54,-0.96,-0.17,-0.73,3.81
1.15,2.31,-0.54,-0.21,-0.67,3.73
1.78,2.11,-0.28,-0.24,-0.60,3.68
2.41,1.92,-0.11,-0.26,-0.46,3.63
2.85,1.79,0.09,-0.26,-0.29,3.57
3.11,1.68,0.33,-0.24,-0.15,3.51
3.47,1.53,0.52,-0.25,-0.08,3.43
4.16,1.37,0.64,-0.29,-0.08,3.31
5.21,1.28,0.53,-0.34,-0.06,3.15
6.27,1.36,0.55,-0.35,0.04,2.95
7.26,1.51,0.74,-0.32,0.15,2.73
8.24,1.62,0.94,-0.29,0.24,2.49
9.24,1.71,1.28,-0.27,0.35,2.24
10.11,1.83,1.75,-0.24,0.45,1.98
10.70,2.00,2.18,-0.19,0.56,1.72
11.19,2.21,2.63,-0.15,0.64,1.46
11.71,2.48,2.89,-0.12,0.68,1.18
12.19,2.37,3.43,-0.07,0.71,0.89
13.17,3.22,3.77,-0.01,0.78,0.82
14.47,3.35,4.16,-0.00,0.81,0.61
14.99,3.23,4.83,0.01,0.77,0.31
15.17,3.06,5.24,-0.01,0.72,0.08
15.13,3.31,5.44,-0.02,0.60,-0.18
14.88,3.28,5.58,-0.03,0.40,-0.38
14.95,4.24,5.05,0.11,0.41,-0.47
13.99,5.38,4.57,0.03,0.22,-0.66
13.16,4.42,4.03,0.10,0.05,-0.85
12.67,4.95,3.42,0.16,-0.02,-1.13
11.42,5.92,3.04,0.16,-0.16,-1.35
10.79,6.00,2.97,0.15,-0.31,-1.48
10.63,5.86,2.78,0.22,-0.36,-1.67
9.88,6.49,2.56,0.24,-0.42,-1.82
9.15,7.06,2.51,0.22,-0.50,-1.86
8.94,6.96,2.52,0.22,-0.61,-1.94
8.70,6.51,2.51,0.24,-0.68,-2.09
8.13,6.61,2.42,0.28,-0.69,-2.18
7.70,6.86,2.29,0.29,-0.69,-2.18
7.62,6.65,2.16,0.28,-0.69,-2.22
7.42,6.33,2.14,0.25,-0.70,-2.32
7.19,5.87,2.04,0.24,-0.71,-2.43
6.78,5.71,1.80,0.22,-0.69,-2.56
6.02,6.39,1.55,0.17,-0.68,-2.64
5.83,5.73,1.61,-0.05,-0.82,-2.77
5.62,4.63,1.72,-0.16,-0.93,-3.15
5.19,4.22,1.66,-0.11,-0.92,-3.44
4.33,4.76,1.27,-0.04,-0.83,-3.58
3.80,4.88,0.93,0.03,-0.71,-3.51
3.47,4.79,0.64,0.08,-0.53,-3.48
2.70,4.58,0.59,0.08,-0.40,-3.54
1.45,4.78,0.66,0.06,-0.30,-3.63
0.17,5.23,0.70,0.02,-0.26,-3.66
-0.86,5.63,0.88,-0.01,-0.22,-3.61
-1.81,6.20,0.98,-0.05,-0.23,-3.53
-2.79,6.24,1.17,-0.12,-0.29,-3.39
-3.73,6.37,1.22,-0.16,-0.38,-3.19
-4.46,6.46,1.31,-0.23,-0.48,-2.96
-5.09,6.77,1.42,-0.29,-0.54,-2.59
-4.92,6.82,1.36,-0.33,-0.55,-2.12
-4.93,6.85,1.29,-0.36,-0.47,-1.77
-5.37,7.07,1.40,-0.37,-0.38,-1.53
-5.79,7.15,1.61,-0.38,-0.36,-1.35
-6.03,7.36,1.94,-0.36,-0.40,-1.21
-5.97,7.74,2.04,-0.33,-0.49,-1.09
-5.67,8.31,1.98,-0.30,-0.55,-0.99
-5.34,8.69,1.79,-0.26,-0.54,-0.90
-5.26,9.06,1.47,-0.21,-0.43,-0.86
-5.42,9.55,1.28,-0.17,-0.29,-0.81
-5.78,9.97,1.34,-0.13,-0.17,-0.75
-6.46,10.48,1.51,-0.09,-0.09,-0.62
-7.26,11.01,1.81,-0.06,-0.07,-0.40
-8.11,11.44,2.20,-0.04,-0.11,-0.10
-8.81,11.76,2.54,-0.03,-0.19,0.27
-9.24,12.74,2.66,0.01,-0.27,0.76
-9.04,12.22,2.69,-0.01,-0.35,1.31
-8.80,11.38,2.72,-0.01,-0.38,1.76
-8.66,10.79,2.62,-0.00,-0.37,2.16
-8.33,10.21,2.41,-0.01,-0.35,2.51
-7.79,9.48,2.06,-0.01,-0.30,2.75
-7.17,8.88,1.68,0.01,-0.22,2.96
-6.67,8.78,1.43,0.06,-0.10,3.31
-4.91,8.38,1.39,-0.01,-0.06,3.67
-3.56,8.40,1.58,-0.12,-0.12,3.82
-2.39,8.25,1.53,-0.07,-0.10,4.00
-1.14,7.81,1.53,-0.12,-0.13,4.24
0.27,7.04,1.42,-0.13,-0.10,4.41
1.45,6.43,1.40,-0.06,0.01,4.45
2.49,6.05,1.39,-0.02,0.08,4.40
3.46,5.76,1.33,-0.01,0.12,4.31
4.30,5.39,1.13,0.00,0.17,4.21
4.96,4.94,0.91,0.01,0.29,4.11
5.48,4.55,0.93,0.02,0.38,3.99
6.19,4.20,0.92,0.01,0.43,3.84
6.96,3.84,0.96,-0.03,0.47,3.64
7.44,3.57,0.79,-0.06,0.58,3.40
7.54,3.48,0.50,-0.10,0.76,3.19
7.35,3.56,0.28,-0.15,0.97,3.01
7.04,3.66,0.37,-0.23,1.14,2.85
6.87,3.64,0.73,-0.31,1.21,2.71
7.02,3.42,1.16,-0.42,1.22,2.58
7.22,3.19,1.48,-0.49,1.28,2.46
7.26,3.12,1.86,-0.53,1.36,2.35
7.35,3.18,2.29,-0.55,1.41,2.24
7.68,3.23,2.83,-0.58,1.40,2.12
8.33,3.20,3.47,-0.59,1.32,1.99
9.26,3.15,4.10,-0.57,1.19,1.84
10.28,3.07,4.65,-0.54,1.09,1.67
11.24,2.94,5.11,-0.48,1.02,1.48
11.97,2.93,5.48,-0.38,0.99,1.29
12.39,3.05,5.85,-0.28,0.95,1.10
12.60,3.24,6.19,-0.21,0.89,0.91
12.75,3.32,6.61,-0.14,0.78,0.77
12.81,3.24,6.95,-0.04,0.62,0.58
12.68,3.09,7.19,0.05,0.40,0.34
12.52,2.92,7.30,0.08,0.17,0.11
12.41,2.72,7.22,0.11,-0.04,-0.07
12.22,2.60,7.04,0.18,-0.19,-0.25
11.74,2.57,6.62,0.23,-0.32,-0.46
11.22,2.63,6.13,0.27,-0.46,-0.64
10.69,2.67,5.72,0.32,-0.56,-0.81
8.58,3.58,5.36,0.33,-0.70,-1.21
8.73,4.28,4.39,0.71,-0.38,-1.16
8.97,3.67,3.93,0.72,-0.30,-1.03
8.27,3.26,3.43,0.69,-0.28,-1.02
7.05,3.73,3.04,0.77,-0.14,-1.07
5.77,4.56,2.68,0.74,-0.22,-1.21
4.28,4.78,2.49,0.52,-0.65,-1.46
3.41,4.93,2.48,0.23,-1.26,-1.69
4.37,5.58,2.13,-0.14,-1.61,-1.49
6.99,5.06,3.20,-0.42,-1.57,-1.30
7.75,5.16,4.11,-0.35,-1.33,-1.38
7.42,5.09,4.08,-0.01,-1.26,-1.49
6.57,5.00,3.25,0.31,-1.21,-1.65
5.10,5.33,2.02,0.46,-1.07,-1.65
7.56,4.70,1.67,0.55,-0.96,-1.83
9.79,3.73,1.52,0.57,-0.78,-2.53
8.40,4.74,1.46,0.62,-0.56,-3.20
7.39,5.22,1.50,0.62,-0.45,-3.60
7.41,5.09,1.58,0.58,-0.45,-3.98
7.10,5.37,1.60,0.58,-0.40,-4.22
6.64,5.15,1.29,0.60,-0.30,-4.29
6.07,4.51,0.86,0.62,-0.10,-4.40
5.17,4.59,0.59,0.61,0.04,-4.61
4.39,4.94,0.44,0.57,0.07,-4.82
3.55,5.40,0.37,0.51,-0.03,-4.99
2.67,5.50,0.29,0.43,-0.15,-5.08
1.44,5.72,0.02,0.33,-0.22,-5.00
0.30,5.80,-0.14,0.18,-0.16,-4.75
-0.81,6.26,-0.08,0.05,-0.16,-4.49
-1.51,6.83,-0.05,-0.07,-0.24,-4.21
-1.94,7.12,0.22,-0.17,-0.31,-3.96
-2.45,7.41,0.64,-0.24,-0.39,-3.75
-2.93,7.61,1.06,-0.30,-0.47,-3.56
-3.24,7.56,1.09,-0.36,-0.46,-3.36
-3.65,7.40,1.35,-0.43,-0.37,-3.22
-4.30,7.77,1.41,-0.50,-0.34,-3.08
-4.98,8.49,1.73,-0.62,-0.28,-2.87
-5.51,9.25,2.27,-0.71,-0.22,-2.54
-6.02,9.68,2.51,-0.87,-0.23,-1.94
-6.14,9.28,3.29,-0.84,-0.18,-1.33
-6.33,9.34,3.40,-0.82,-0.20,-0.83
-6.54,9.55,3.81,-0.80,-0.26,-0.34
-6.48,9.66,3.72,-0.76,-0.28,0.16
-6.23,10.09,3.13,-0.74,-0.06,0.64
-6.20,10.87,2.91,-0.70,0.29,1.11
-6.64,11.89,3.15,-0.58,0.61,1.62
-7.37,12.85,3.30,-0.41,0.74,2.01
-8.53,14.69,3.23,-0.22,0.90,2.31
-8.67,14.27,3.77,-0.14,0.85,2.55
-8.34,12.23,3.90,-0.09,0.62,2.52
-8.42,10.70,3.93,-0.02,0.44,2.45
-8.26,10.09,3.85,0.03,0.25,2.61
-7.24,9.87,3.64,0.08,0.11,2.89
-5.71,9.61,3.37,0.14,0.03,3.15
-4.32,9.19,3.01,0.21,0.04,3.33
-3.35,8.64,2.68,0.26,0.12,3.46
-2.65,8.01,2.36,0.31,0.22,3.57
-2.13,7.42,2.14,0.33,0.30,3.66
-1.58,6.89,1.85,0.34,0.33,3.72
-1.02,6.40,1.69,0.33,0.32,3.78
-0.39,5.95,1.50,0.31,0.28,3.84
0.33,5.46,1.21,0.25,0.25,3.88
1.01,4.99,0.83,0.19,0.27,3.88
1.52,4.62,0.48,0.12,0.32,3.88
1.96,4.36,0.18,0.03,0.41,3.87
2.32,4.17,0.08,-0.08,0.52,3.86
2.70,3.98,0.13,-0.18,0.63,3.86
3.22,3.74,0.30,-0.30,0.73,3.84
3.90,3.51,0.58,-0.40,0.80,3.81
4.75,3.28,1.02,-0.50,0.83,3.75
5.79,3.06,1.55,-0.58,0.81,3.66
6.95,2.83,1.91,-0.63,0.77,3.52
8.02,2.66,2.24,-0.67,0.75,3.37
9.12,2.55,2.66,-0.70,0.72,3.19
10.45,2.44,3.05,-0.71,0.65,2.95
12.06,2.41,3.48,-0.71,0.59,2.62
13.57,2.49,3.94,-0.69,0.54,2.25
14.87,2.68,4.49,-0.64,0.52,1.78
15.66,2.87,5.17,-0.58,0.49,1.29
16.15,2.91,5.77,-0.49,0.42,0.79
16.32,2.88,6.34,-0.38,0.29,0.26
16.19,2.84,6.85,-0.26,0.07,-0.25
15.98,2.78,7.21,-0.12,-0.21,-0.75
15.74,2.81,7.30,0.03,-0.50,-1.23
15.33,2.97,7.20,0.16,-0.76,-1.69
14.65,3.15,6.88,0.28,-0.99,-2.11
13.78,3.22,6.31,0.36,-1.14,-2.48
12.80,3.21,5.65,0.42,-1.22,-2.79
11.76,3.19,5.04,0.45,-1.23,-3.05
10.72,3.15,4.55,0.47,-1.22,-3.27
9.72,3.00,3.91,0.47,-1.19,-3.44
8.60,2.80,3.30,0.45,-1.14,-3.59
7.53,2.59,2.52,0.41,-1.07,-3.71
6.55,2.40,1.63,0.34,-0.94,-3.83
5.59,2.31,0.84,0.25,-0.77,-3.93
4.74,2.33,0.00,0.14,-0.53,-4.02
3.89,2.48,-0.46,0.02,-0.24,-4.09
2.95,2.71,-0.51,-0.08,-0.08,-4.13
2.02,2.86,-0.74,-0.18,-0.06,-4.13
1.26,2.91,-0.90,-0.27,-0.08,-4.12
0.82,2.99,-0.98,-0.37,-0.08,-4.11
0.43,3.30,-1.02,-0.47,-0.06,-4.10
-0.02,3.84,-1.09,-0.57,0.04,-4.08
-0.66,4.47,-0.88,-0.68,0.16,-4.05
-1.56,5.04,-0.50,-0.78,0.29,-3.99
-2.80,5.54,0.26,-0.89,0.46,-3.88
-4.56,6.03,1.49,-0.95,0.67,-3.68
-6.74,6.44,2.98,-0.93,0.80,-3.35
-9.11,6.86,4.55,-0.77,0.66,-2.90
-11.30,7.27,5.75,-0.55,0.34,-2.40
-12.28,7.59,6.42,-0.27,0.01,-1.98
-13.47,8.34,6.55,-0.01,-0.30,-1.62
-14.77,9.39,6.36,0.22,-0.54,-1.14
-15.22,10.40,6.22,0.42,-0.77,-0.51
-14.51,10.97,6.29,0.62,-0.95,0.14
-13.37,11.10,6.33,0.86,-1.00,0.68
-12.35,11.01,6.10,1.13,-1.00,1.12
-11.43,10.92,5.56,1.39,-0.99,1.50
-10.50,10.82,4.67,1.61,-0.94,1.83
-9.50,10.67,3.56,1.78,-0.85,2.12
-8.48,10.53,2.43,1.89,-0.71,2.37
-7.47,10.40,1.34,1.94,-0.50,2.60
-6.52,10.21,0.57,1.95,-0.25,2.82
-5.63,9.82,0.18,1.93,0.05,3.03
-4.82,9.19,-0.20,1.85,0.36,3.24
-4.27,8.49,-0.63,1.71,0.67,3.49
-3.93,7.78,-0.78,1.54,0.92,3.85
-3.50,6.90,-1.11,1.33,1.16,4.29
-2.99,5.83,-1.21,1.08,1.36,4.71
-2.43,4.73,-1.29,0.85,1.53,5.05
-1.91,3.65,-1.05,0.62,1.71,5.34
-1.27,2.48,-0.92,0.37,1.91,5.57
-0.64,1.30,-0.76,0.08,2.16,5.70
-0.05,0.32,-0.56,-0.19,2.38,5.76
0.57,-0.34,-0.51,-0.45,2.62,5.77
1.07,-0.73,-0.08,-0.71,2.87,5.74
1.63,-1.02,0.50,-0.94,3.03,5.68
2.30,-1.34,1.26,-1.14,3.15,5.56
3.15,-1.71,2.32,-1.29,3.15,5.39
4.41,-2.13,3.59,-1.35,3.04,5.16
6.30,-2.55,4.93,-1.35,2.86,4.85
8.60,-2.84,6.05,-1.29,2.66,4.42
10.56,-2.83,6.90,-1.19,2.53,3.90
11.96,-2.49,7.58,-1.07,2.38,3.36
13.24,-2.04,8.46,-0.94,2.11,2.82
14.88,-1.71,9.56,-0.77,1.75,2.22
16.55,-1.51,10.57,-0.61,1.40,1.55
17.79,-1.40,11.61,-0.43,1.08,0.85
18.91,-1.39,12.30,-0.24,0.74,0.17
20.01,-1.57,12.64,-0.07,0.43,-0.51
20.73,-1.84,12.37,0.09,0.14,-1.20
20.70,-1.99,11.70,0.24,-0.14,-1.82
19.89,-1.86,10.94,0.37,-0.39,-2.34
18.54,-1.60,10.20,0.44,-0.67,-2.77
17.03,-1.34,9.56,0.48,-0.98,-3.16
15.78,-1.17,8.93,0.50,-1.28,-3.54
14.87,-1.08,8.22,0.48,-1.52,-3.91
14.00,-1.06,7.44,0.44,-1.66,-4.25
13.00,-1.01,6.65,0.39,-1.71,-4.55
11.89,-0.89,6.00,0.32,-1.69,-4.77
10.83,-0.74,5.38,0.24,-1.63,-4.94
9.83,-0.58,4.83,0.13,-1.54,-5.08
8.93,-0.41,4.29,0.03,-1.41,-5.20
8.16,-0.23,3.67,-0.08,-1.26,-5.28
7.36,-0.04,2.98,-0.21,-1.04,-5.33
6.34,0.19,2.59,-0.33,-0.80,-5.35
5.35,0.48,2.41,-0.42,-0.60,-5.33
4.63,0.67,2.21,-0.49,-0.42,-5.29
aX,aY,aZ,gX,gY,gZ
-13.77,8.40,1.67,1.08,0.69,1.74
-13.41,7.97,0.79,1.07,0.76,1.97
-13.15,7.45,-0.16,1.06,0.90,2.22
-13.27,6.89,-0.88,1.04,1.07,2.49
-13.63,6.20,-1.30,1.02,1.17,2.81
-13.80,5.40,-1.74,0.97,1.19,3.21
-13.46,4.49,-2.35,0.88,1.16,3.76
-12.47,3.06,-2.61,0.74,1.05,4.44
-11.80,2.08,-3.48,0.56,0.97,5.23
-12.31,1.65,-3.26,0.49,1.16,6.10
-12.98,1.50,-3.00,0.44,1.33,6.94
-11.49,0.87,-2.58,0.39,1.34,7.45
-8.43,0.05,-2.40,0.34,1.26,7.27
-5.99,-0.48,-2.55,0.25,1.13,6.47
-4.97,-0.74,-2.74,0.06,0.96,5.55
-4.83,-0.75,-2.77,-0.17,0.80,4.84
-4.78,-0.57,-2.66,-0.43,0.66,4.37
-4.47,-0.40,-2.17,-0.70,0.49,4.10
-3.84,-0.44,-1.60,-0.97,0.31,3.99
-2.95,-0.81,-1.02,-1.19,0.21,3.98
-2.01,-1.25,-0.27,-1.33,0.21,4.03
-2.12,-1.08,0.46,-1.46,0.26,4.39
-0.89,-1.82,1.39,-1.52,0.35,5.00
0.72,-2.34,1.84,-1.48,0.52,5.22
1.33,-2.12,2.21,-1.44,0.66,5.20
1.47,-1.82,2.46,-1.45,0.69,5.20
1.92,-1.86,2.80,-1.49,0.64,5.24
2.88,-2.20,3.30,-1.53,0.57,5.25
4.15,-2.77,4.13,-1.52,0.48,5.21
5.64,-3.42,5.01,-1.45,0.42,5.09
7.13,-3.94,5.73,-1.31,0.47,4.88
8.09,-4.12,6.21,-1.15,0.54,4.61
8.89,-3.93,6.51,-1.05,0.52,4.32
10.04,-3.60,6.72,-0.97,0.48,4.08
11.70,-3.32,6.91,-0.85,0.53,3.85
13.34,-3.03,7.25,-0.68,0.68,3.63
14.42,-2.75,7.67,-0.49,0.87,3.39
14.63,-2.52,8.37,-0.35,0.97,3.18
14.63,-2.60,9.25,-0.28,0.88,2.99
14.88,-2.94,10.13,-0.24,0.62,2.79
15.59,-3.44,10.82,-0.21,0.28,2.56
16.69,-3.88,11.03,-0.14,-0.03,2.28
17.88,-4.11,10.86,-0.04,-0.23,1.93
18.88,-4.00,10.48,0.07,-0.35,1.52
19.49,-3.72,10.02,0.20,-0.40,1.08
19.68,-3.38,9.62,0.30,-0.46,0.61
19.48,-3.06,9.19,0.39,-0.54,0.14
19.05,-2.78,8.70,0.44,-0.63,-0.32
18.38,-2.49,8.03,0.48,-0.71,-0.76
17.68,-2.33,7.30,0.49,-0.77,-1.17
17.13,-2.30,6.59,0.49,-0.79,-1.57
16.57,-2.32,5.85,0.49,-0.73,-1.97
15.82,-2.34,5.13,0.51,-0.59,-2.36
14.83,-2.36,4.34,0.52,-0.40,-2.72
13.69,-2.39,3.55,0.54,-0.13,-3.06
12.41,-2.35,2.79,0.55,0.16,-3.37
11.06,-2.34,2.01,0.55,0.46,-3.65
9.77,-2.50,1.58,0.59,0.76,-3.91
8.60,-2.59,1.39,0.64,1.01,-4.15
7.51,-2.63,1.30,0.66,1.22,-4.38
6.48,-2.71,1.29,0.71,1.42,-4.59
5.36,-2.78,1.27,0.75,1.57,-4.80
4.15,-2.79,1.17,0.79,1.64,-5.00
2.82,-2.65,1.14,0.81,1.59,-5.18
1.41,-2.22,0.87,0.80,1.43,-5.26
0.20,-1.64,0.71,0.74,1.17,-5.17
-0.64,-1.10,0.47,0.62,0.78,-4.96
-1.16,-0.70,0.15,0.43,0.35,-4.71
-1.38,-0.52,-0.08,0.22,-0.02,-4.47
-1.22,-0.62,-0.33,0.00,-0.30,-4.31
-0.92,-0.87,-0.46,-0.21,-0.45,-4.28
-0.69,-1.17,-0.66,-0.40,-0.48,-4.36
-0.67,-1.44,-0.75,-0.56,-0.40,-4.52
-0.90,-1.62,-0.75,-0.68,-0.26,-4.68
-1.42,-1.73,-0.60,-0.77,-0.10,-4.82
-2.35,-1.84,-0.32,-0.84,0.10,-4.89
-3.80,-1.89,0.13,-0.85,0.34,-4.90
-5.65,-1.73,0.80,-0.84,0.57,-4.83
-7.44,-1.31,1.69,-0.81,0.74,-4.70
-8.71,-0.74,2.53,-0.76,0.84,-4.56
-9.25,-0.27,3.12,-0.70,0.88,-4.48
-9.57,0.14,3.43,-0.64,0.88,-4.45
-10.15,0.64,3.46,-0.55,0.92,-4.39
-11.00,1.31,3.48,-0.45,1.02,-4.22
-11.88,2.11,3.66,-0.31,1.13,-3.92
-12.64,2.99,3.99,-0.17,1.18,-3.55
-13.13,3.80,4.28,-0.07,1.07,-3.13
-13.75,4.70,4.56,0.03,0.97,-2.68
-13.80,5.45,4.69,0.15,0.92,-2.25
-13.35,6.12,4.79,0.27,0.93,-1.96
-12.99,6.83,4.93,0.40,0.98,-1.82
-13.01,7.70,5.10,0.59,1.06,-1.82
-13.37,8.85,5.17,0.77,1.15,-1.90
-13.99,10.15,5.24,0.87,1.14,-2.00
-14.80,11.29,5.18,0.91,1.11,-2.02
-15.48,11.98,5.02,0.95,1.10,-1.86
-15.90,12.16,4.83,1.01,1.14,-1.54
-16.05,12.06,4.65,1.10,1.26,-1.15
-16.12,11.90,4.42,1.23,1.38,-0.75
-16.37,11.79,4.08,1.33,1.47,-0.37
-16.78,11.74,3.79,1.39,1.45,-0.01
-17.30,11.99,3.07,1.34,1.25,0.34
-17.53,12.23,2.34,1.16,0.91,0.71
-17.10,12.15,1.75,0.93,0.53,1.04
-16.32,11.77,1.31,0.71,0.20,1.29
-15.59,11.40,1.00,0.54,-0.06,1.50
-15.01,11.18,0.80,0.42,-0.24,1.70
-14.58,11.07,0.65,0.34,-0.35,1.92
-14.31,10.92,0.62,0.28,-0.46,2.16
-14.13,10.65,0.60,0.25,-0.55,2.41
-13.90,10.29,0.46,0.22,-0.70,2.65
-13.52,9.85,0.20,0.15,-0.91,2.87
-12.95,9.36,-0.03,0.05,-1.13,3.04
-12.39,8.80,-0.13,-0.02,-1.37,3.19
-12.03,8.18,-0.27,-0.07,-1.59,3.33
-11.78,7.40,-0.21,-0.08,-1.76,3.51
-11.37,6.43,-0.28,-0.06,-1.91,3.72
-10.58,5.31,-0.35,-0.04,-2.03,3.94
-9.44,4.23,-0.49,-0.00,-2.16,4.10
-8.13,3.38,-0.78,0.06,-2.22,4.19
-6.83,2.72,-0.88,0.18,-2.18,4.24
-5.66,2.15,-0.90,0.35,-2.11,4.26
-4.68,1.62,-1.15,0.49,-2.02,4.27
-3.85,1.07,-1.34,0.61,-1.88,4.28
-3.16,0.53,-1.45,0.71,-1.71,4.29
-2.49,0.08,-1.71,0.77,-1.51,4.28
-1.84,-0.33,-1.77,0.79,-1.30,4.24
-1.21,-0.64,-1.77,0.78,-1.09,4.18
-0.66,-0.90,-1.60,0.73,-0.90,4.14
-0.16,-1.21,-1.53,0.66,-0.74,4.12
0.39,-1.56,-1.40,0.57,-0.59,4.11
1.05,-1.88,-1.14,0.47,-0.45,4.09
1.78,-2.03,-0.97,0.39,-0.33,4.06
2.67,-1.99,-0.86,0.29,-0.22,4.02
3.81,-1.85,-0.81,0.17,-0.15,3.97
5.19,-1.71,-0.64,0.04,-0.08,3.89
6.77,-1.65,-0.23,-0.07,0.01,3.78
8.20,-1.55,0.42,-0.09,0.20,3.63
9.17,-1.21,1.09,-0.04,0.45,3.48
9.69,-0.67,1.74,0.02,0.69,3.36
10.07,-0.09,2.55,0.05,0.84,3.25
10.59,0.35,3.59,-0.00,0.81,3.11
11.46,0.52,4.51,-0.12,0.60,2.95
12.82,0.36,5.03,-0.26,0.31,2.77
14.78,-0.08,5.35,-0.37,0.06,2.57
17.03,-0.61,5.65,-0.37,-0.06,2.26
18.90,-1.08,5.87,-0.26,-0.07,1.80
20.04,-1.37,5.96,-0.09,-0.01,1.14
20.30,-1.69,6.27,0.09,-0.01,0.36
19.53,0.13,5.68,0.24,0.01,0.50
21.50,0.06,5.39,0.30,0.12,0.67
21.89,0.32,4.93,0.40,0.19,0.22
20.64,0.62,4.26,0.40,0.19,-0.33
19.55,0.61,3.71,0.39,0.29,-0.77
18.22,0.68,3.21,0.46,0.52,-1.18
16.12,1.13,2.48,0.57,0.75,-1.54
13.90,1.79,1.84,0.63,0.89,-1.80
11.98,2.43,1.46,0.61,0.88,-2.01
10.35,2.86,1.16,0.48,0.71,-2.21
9.10,2.87,0.91,0.32,0.47,-2.40
8.13,2.59,0.55,0.16,0.21,-2.57
7.17,2.48,0.07,0.01,-0.01,-2.67
6.36,2.60,-0.38,-0.13,-0.15,-2.71
5.79,2.76,-0.66,-0.28,-0.21,-2.73
5.37,2.75,-0.80,-0.42,-0.22,-2.77
4.92,2.57,-0.84,-0.55,-0.17,-2.84
4.32,2.43,-0.81,-0.65,-0.08,-2.90
3.56,2.47,-0.57,-0.74,0.01,-2.91
2.83,2.59,-0.33,-0.86,-0.01,-2.84
2.29,2.61,-0.08,-0.99,-0.08,-2.75
1.96,2.52,0.04,-1.13,-0.16,-2.67
1.82,2.34,-0.01,-1.28,-0.22,-2.61
1.74,2.26,-0.13,-1.42,-0.19,-2.61
1.64,2.40,-0.28,-1.55,-0.10,-2.66
1.51,2.66,-0.26,-1.64,0.06,-2.76
1.27,2.95,-0.04,-1.70,0.24,-2.87
0.95,3.12,0.39,-1.74,0.44,-2.99
0.32,3.31,1.04,-1.73,0.68,-3.08
-0.64,3.55,1.94,-1.69,0.88,-3.10
-1.93,3.87,2.96,-1.63,0.99,-3.07
-3.39,4.29,3.98,-1.57,1.02,-3.01
-4.59,4.77,4.80,-1.51,0.98,-2.97
-5.36,5.40,5.45,-1.48,0.90,-2.96
-5.72,6.16,5.89,-1.46,0.83,-2.97
-5.80,6.90,6.32,-1.43,0.78,-2.95
-5.63,7.37,6.67,-1.38,0.75,-2.90
-5.48,7.58,7.07,-1.27,0.80,-2.85
-5.69,7.73,7.64,-1.10,0.93,-2.80
-6.08,7.88,8.21,-0.88,1.09,-2.74
-6.62,8.11,8.69,-0.63,1.22,-2.66
-7.28,8.53,8.90,-0.39,1.27,-2.58
-8.00,9.21,8.87,-0.23,1.24,-2.49
-8.74,10.08,8.68,-0.16,1.10,-2.34
-9.42,10.91,8.60,-0.14,0.92,-2.10
-9.91,11.41,8.78,-0.12,0.74,-1.74
-10.24,11.47,9.14,-0.07,0.60,-1.29
-10.53,11.22,9.51,0.04,0.52,-0.82
-10.76,10.92,9.75,0.22,0.52,-0.39
-10.87,10.81,9.67,0.42,0.55,-0.02
-10.92,10.94,9.35,0.58,0.54,0.28
-10.91,11.16,8.91,0.69,0.46,0.52
-10.86,11.37,8.33,0.74,0.31,0.74
-10.54,11.37,7.76,0.75,0.13,0.99
-9.90,11.16,7.23,0.74,-0.05,1.19
-9.21,10.90,6.71,0.73,-0.22,1.33
-8.72,10.62,6.15,0.75,-0.34,1.43
-8.42,10.30,5.60,0.79,-0.42,1.55
-8.18,9.86,5.08,0.83,-0.47,1.67
-7.87,9.30,4.62,0.87,-0.52,1.79
-7.53,8.68,4.20,0.92,-0.54,1.89
-7.21,8.07,3.73,0.96,-0.56,1.98
-6.89,7.56,3.28,1.01,-0.56,2.06
-6.56,7.10,2.86,1.06,-0.56,2.14
-6.29,6.60,2.53,1.11,-0.55,2.24
-6.07,5.98,2.28,1.17,-0.52,2.34
-5.85,5.26,2.06,1.21,-0.49,2.45
-5.55,4.52,1.76,1.22,-0.49,2.54
-5.13,3.88,1.42,1.20,-0.50,2.62
-4.56,3.41,1.01,1.15,-0.52,2.67
-3.93,3.10,0.69,1.07,-0.53,2.69
-3.30,2.89,0.47,0.98,-0.52,2.70
-2.71,2.64,0.34,0.89,-0.51,2.71
-2.13,2.33,0.35,0.78,-0.51,2.74
-1.50,1.99,0.43,0.68,-0.51,2.77
-0.79,1.65,0.58,0.59,-0.51,2.81
-0.02,1.37,0.69,0.52,-0.52,2.83
0.74,1.28,0.62,0.47,-0.48,2.84
1.45,1.35,0.63,0.44,-0.40,2.83
2.17,1.48,0.70,0.42,-0.30,2.82
2.97,1.59,0.73,0.38,-0.19,2.79
3.74,1.64,0.74,0.34,-0.06,2.74
4.43,1.63,0.97,0.29,0.08,2.68
5.21,1.59,1.30,0.24,0.21,2.62
6.06,1.64,1.64,0.19,0.34,2.53
6.81,1.98,2.28,0.15,0.43,2.45
7.72,2.42,3.00,0.12,0.46,2.36
8.83,2.74,3.61,0.07,0.44,2.28
10.04,2.94,4.02,0.01,0.43,2.17
11.23,3.11,4.35,-0.02,0.45,2.05
12.44,3.23,4.62,-0.04,0.44,1.90
13.62,3.34,4.89,-0.05,0.43,1.78
14.77,3.39,5.17,-0.05,0.41,1.63
15.70,2.92,5.52,-0.05,0.36,1.44
15.25,3.85,5.29,0.19,0.51,1.59
16.96,5.23,5.59,-0.00,0.37,1.86
17.78,4.89,5.92,-0.13,0.12,1.69
17.82,3.92,6.00,-0.21,-0.17,1.34
18.05,3.19,6.05,-0.29,-0.49,1.06
18.79,2.88,5.91,-0.26,-0.64,0.77
18.62,3.28,5.60,-0.21,-0.66,0.42
17.92,3.71,5.24,-0.16,-0.70,0.09
17.12,3.72,4.72,-0.12,-0.72,-0.18
16.27,3.64,4.11,-0.09,-0.73,-0.42
15.50,3.72,3.61,-0.07,-0.73,-0.64
14.90,3.72,3.18,-0.07,-0.78,-0.88
14.31,3.50,2.79,-0.09,-0.83,-1.14
13.70,3.11,2.39,-0.12,-0.87,-1.42
12.97,2.73,2.00,-0.15,-0.88,-1.70
12.03,2.46,1.64,-0.18,-0.86,-1.97
10.95,2.31,1.34,-0.22,-0.82,-2.20
9.88,2.20,1.11,-0.28,-0.78,-2.39
8.90,2.05,0.95,-0.34,-0.74,-2.57
7.95,1.93,0.77,-0.41,-0.69,-2.72
7.01,1.88,0.61,-0.49,-0.64,-2.84
6.07,1.86,0.45,-0.54,-0.60,-2.91
5.22,1.74,0.34,-0.59,-0.58,-2.96
4.49,1.62,0.18,-0.67,-0.56,-3.01
3.96,1.48,0.07,-0.76,-0.54,-3.05
3.59,1.36,-0.12,-0.86,-0.45,-3.08
3.20,1.31,-0.23,-0.95,-0.31,-3.11
2.66,1.42,-0.34,-1.03,-0.16,-3.11
2.07,1.62,-0.44,-1.11,-0.04,-3.09
1.56,1.77,-0.42,-1.19,0.10,-3.05
1.05,1.82,-0.24,-1.28,0.24,-3.03
0.37,1.79,0.10,-1.34,0.38,-3.00
-0.49,1.77,0.56,-1.37,0.53,-2.96
-1.30,1.85,1.08,-1.36,0.69,-2.94
-2.19,2.26,1.62,-1.32,0.83,-2.94
-2.94,2.77,2.15,-1.28,0.94,-2.94
-3.78,3.22,2.71,-1.23,1.00,-2.96
-4.70,3.67,3.23,-1.19,0.98,-2.94
-5.37,4.11,3.67,-1.16,0.91,-2.90
-5.80,4.70,3.96,-1.12,0.86,-2.86
-6.10,5.44,4.08,-1.09,0.84,-2.84
-6.34,6.25,4.11,-1.06,0.84,-2.81
-6.48,7.08,4.10,-1.06,0.84,-2.77
-6.59,7.89,4.17,-1.06,0.80,-2.71
-6.68,8.76,4.36,-1.05,0.78,-2.64
-6.79,9.62,4.74,-1.00,0.81,-2.59
-6.80,10.34,5.19,-0.92,0.91,-2.57
-7.27,10.94,5.81,-0.80,1.04,-2.57
-8.23,11.37,6.50,-0.63,1.16,-2.51
-9.56,11.75,7.06,-0.43,1.27,-2.37
-10.94,12.21,7.47,-0.24,1.31,-2.14
-12.15,12.79,7.74,-0.09,1.23,-1.84
-13.05,13.40,7.81,-0.01,1.02,-1.45
-13.48,13.69,7.70,0.02,0.71,-0.97
-13.37,13.58,7.40,0.05,0.39,-0.42
-12.96,13.20,7.01,0.11,0.18,0.18
-12.44,12.73,6.55,0.22,0.08,0.77
aX,aY,aZ,gX,gY,gZ
-7.63,7.76,7.77,0.80,-0.53,1.56
-7.04,7.68,7.56,0.93,-0.49,1.73
-6.36,7.69,7.56,1.06,-0.45,1.89
-5.71,7.73,7.72,1.22,-0.41,2.03
-5.17,7.91,7.89,1.41,-0.35,2.16
-4.73,8.20,7.92,1.60,-0.28,2.25
-4.30,8.66,7.75,1.79,-0.18,2.31
-3.86,9.05,7.45,1.99,-0.10,2.36
-3.55,9.26,7.00,2.17,-0.04,2.38
-3.50,9.18,6.42,2.33,0.04,2.37
-3.55,8.86,5.62,2.47,0.09,2.37
-3.57,8.46,4.69,2.55,0.13,2.38
-3.48,8.05,3.75,2.58,0.14,2.38
-3.35,7.58,2.89,2.57,0.14,2.38
-3.16,7.02,2.16,2.50,0.17,2.40
-3.00,6.43,1.68,2.40,0.19,2.41
-2.72,5.76,1.22,2.29,0.24,2.45
-2.30,4.99,1.27,2.16,0.32,2.49
-1.86,4.16,1.26,2.05,0.42,2.54
-1.45,3.31,1.30,1.94,0.55,2.59
-1.01,2.60,1.16,1.83,0.69,2.64
-0.53,2.13,0.82,1.71,0.88,2.69
-0.05,1.84,0.37,1.57,1.11,2.74
0.34,1.65,-0.10,1.41,1.37,2.76
0.54,1.55,-0.59,1.21,1.64,2.76
0.56,1.50,-0.77,0.99,1.87,2.76
0.60,1.52,-0.99,0.74,2.10,2.78
0.69,1.58,-0.86,0.48,2.32,2.83
0.90,1.60,-0.38,0.23,2.48,2.89
1.53,1.50,0.41,-0.03,2.57,2.95
2.69,1.23,1.29,-0.27,2.60,2.98
4.01,0.98,1.85,-0.49,2.65,2.93
4.89,0.98,2.23,-0.69,2.78,2.82
5.55,1.11,2.79,-0.87,2.89,2.71
6.58,1.30,3.62,-1.01,2.94,2.60
7.83,1.63,4.55,-1.13,2.95,2.47
8.84,2.02,5.35,-1.27,2.93,2.32
9.50,1.89,6.28,-1.34,3.00,2.15
10.16,0.83,9.20,-1.31,3.00,1.94
10.78,-0.69,9.22,-1.42,2.85,1.77
10.28,-0.88,10.43,-1.45,2.64,1.54
10.56,0.92,11.62,-1.51,1.84,1.31
13.65,1.60,11.94,-1.50,1.10,1.09
16.64,1.84,10.93,-1.46,1.22,0.77
16.86,2.02,10.85,-1.40,1.79,0.45
15.31,2.21,10.98,-1.34,2.17,0.15
13.43,2.49,11.02,-1.28,2.20,-0.11
11.79,2.95,10.85,-1.24,1.93,-0.34
10.25,3.40,10.66,-1.23,1.57,-0.51
9.30,3.59,10.50,-1.20,1.14,-0.65
9.01,3.82,10.50,-1.15,0.69,-0.78
8.98,4.09,10.61,-1.11,0.36,-0.87
8.38,4.43,10.77,-1.06,0.10,-0.93
7.72,4.48,11.02,-0.99,-0.17,-0.96
7.65,4.34,11.27,-0.90,-0.47,-1.02
7.96,4.22,11.50,-0.80,-0.73,-1.11
8.14,4.21,11.68,-0.67,-0.87,-1.21
8.16,4.13,11.96,-0.53,-0.92,-1.30
7.89,4.01,12.28,-0.38,-0.95,-1.40
7.54,3.90,12.56,-0.22,-1.06,-1.49
7.24,3.81,12.62,-0.06,-1.25,-1.59
6.96,3.73,12.42,0.10,-1.47,-1.70
6.92,3.56,11.94,0.25,-1.70,-1.83
7.07,3.35,11.16,0.38,-1.83,-2.00
7.26,3.20,10.28,0.50,-1.83,-2.18
7.34,3.10,9.31,0.59,-1.69,-2.37
7.24,2.99,8.28,0.65,-1.42,-2.56
6.84,2.85,7.46,0.70,-1.11,-2.73
6.34,2.65,6.63,0.72,-0.82,-2.88
5.71,2.45,5.74,0.72,-0.55,-3.01
4.94,2.27,4.80,0.70,-0.33,-3.13
4.15,2.13,3.81,0.66,-0.13,-3.23
3.34,2.02,2.94,0.60,0.04,-3.30
2.49,1.93,2.12,0.52,0.16,-3.35
1.59,1.89,1.36,0.43,0.22,-3.36
0.73,1.89,0.86,0.31,0.22,-3.32
-0.15,1.92,0.62,0.20,0.12,-3.24
-0.86,1.93,0.51,0.07,-0.04,-3.13
-1.35,1.88,0.61,-0.07,-0.20,-3.04
-1.63,1.81,0.70,-0.22,-0.33,-2.98
-1.87,1.68,0.78,-0.37,-0.36,-2.91
-2.41,1.55,0.63,-0.52,-0.27,-2.81
-3.44,1.57,0.60,-0.66,-0.10,-2.64
-4.77,1.80,0.74,-0.79,0.05,-2.38
-5.95,2.09,0.94,-0.92,0.16,-2.05
-6.88,2.29,1.30,-1.03,0.26,-1.75
-7.68,2.46,1.84,-1.14,0.33,-1.47
-8.31,2.62,2.36,-1.21,0.37,-1.20
-8.50,2.79,2.71,-1.28,0.43,-0.94
-8.42,3.03,2.98,-1.33,0.58,-0.69
-8.35,3.39,3.24,-1.38,0.78,-0.45
-8.19,3.75,3.58,-1.44,0.99,-0.20
-7.71,4.01,3.99,-1.49,1.18,0.04
-7.07,4.18,4.29,-1.54,1.39,0.24
-6.43,4.28,4.51,-1.57,1.68,0.40
-5.92,4.35,4.57,-1.60,2.02,0.49
-5.61,4.48,4.37,-1.65,2.38,0.53
-5.59,4.73,4.16,-1.73,2.71,0.54
-5.49,4.92,3.87,-1.84,3.00,0.53
-5.21,4.95,3.93,-1.96,3.28,0.49
-4.73,4.87,4.17,-2.07,3.52,0.42
-4.28,4.75,4.72,-2.16,3.76,0.31
-3.95,4.77,5.28,-2.21,3.95,0.19
-3.66,4.96,5.47,-2.26,4.14,0.07
-3.40,5.06,5.18,-2.30,4.41,-0.06
-3.50,4.88,5.15,-2.34,4.75,-0.24
-4.25,4.36,5.74,-2.33,4.85,-0.44
-5.55,3.56,6.94,-2.27,4.69,-0.65
-6.96,2.76,7.88,-2.16,4.29,-0.84
-8.02,2.19,8.47,-2.06,3.92,-1.00
-8.43,1.90,8.77,-1.96,3.67,-1.12
-8.32,1.88,8.68,-1.87,3.53,-1.23
-8.00,1.96,8.22,-1.80,3.46,-1.35
-8.13,1.90,7.92,-1.75,3.38,-1.46
-9.23,1.58,7.85,-1.71,3.14,-1.55
-10.65,1.04,7.97,-1.69,2.80,-1.56
-11.58,0.45,8.28,-1.71,2.34,-1.51
-11.74,-0.07,8.58,-1.75,1.89,-1.42
-11.36,-0.46,8.94,-1.80,1.53,-1.33
-11.02,-0.76,9.41,-1.82,1.25,-1.25
-11.09,-1.06,9.74,-1.86,0.99,-1.11
-11.56,-1.52,10.02,-1.87,0.67,-0.91
-12.18,-1.86,9.55,-1.85,0.24,-0.67
-12.37,-2.00,8.73,-1.83,-0.22,-0.45
-12.43,-1.82,8.02,-1.84,-0.79,-0.35
-11.66,-1.69,6.92,-1.77,-1.16,-0.02
-9.87,-1.88,6.45,-1.74,-1.48,0.12
-8.49,-1.85,5.98,-1.63,-1.59,0.13
-7.48,-1.86,5.62,-1.50,-1.60,0.03
-6.85,-1.70,5.15,-1.38,-1.47,-0.10
-6.49,-1.59,5.29,-1.22,-1.12,-0.20
-6.21,-1.67,4.80,-1.11,-0.90,-0.30
-6.39,-1.79,4.44,-0.96,-0.64,-0.44
-7.01,-1.83,4.20,-0.82,-0.48,-0.55
-7.76,-1.90,4.18,-0.69,-0.39,-0.57
-8.03,-2.13,4.36,-0.57,-0.27,-0.48
-7.75,-2.37,4.55,-0.43,-0.06,-0.36
-7.37,-2.46,4.60,-0.28,0.19,-0.29
-7.18,-2.46,4.43,-0.12,0.47,-0.28
-7.36,-2.49,4.28,0.02,0.66,-0.29
-7.57,-2.58,3.90,0.15,0.82,-0.32
-7.60,-2.64,3.42,0.23,0.95,-0.38
-7.41,-2.58,2.91,0.27,1.13,-0.46
-7.03,-2.49,2.42,0.28,1.43,-0.55
-7.00,-2.50,2.48,0.30,1.66,-0.63
-7.67,-2.62,2.60,0.34,1.67,-0.67
-8.79,-2.78,2.72,0.37,1.46,-0.66
-9.81,-2.82,2.62,0.36,1.11,-0.57
-10.21,-2.88,2.51,0.31,0.72,-0.44
-9.98,-2.86,2.43,0.24,0.34,-0.32
-9.35,-2.77,2.44,0.15,0.01,-0.27
-8.54,-2.70,2.67,0.06,-0.26,-0.26
-7.92,-2.69,2.85,-0.02,-0.51,-0.29
-7.73,-2.67,2.97,-0.09,-0.72,-0.31
-7.83,-2.61,2.94,-0.17,-0.94,-0.29
-7.86,-2.53,2.88,-0.27,-1.14,-0.23
-7.69,-2.54,2.81,-0.39,-1.33,-0.17
-7.37,-2.64,2.88,-0.51,-1.45,-0.13
-7.03,-2.85,3.12,-0.61,-1.48,-0.11
-6.72,-3.00,3.51,-0.68,-1.43,-0.09
-6.48,-3.05,3.84,-0.72,-1.37,-0.07
-6.35,-3.05,3.98,-0.74,-1.29,-0.07
-6.48,-3.08,4.12,-0.75,-1.23,-0.07
-6.76,-3.18,4.18,-0.76,-1.20,-0.09
-6.92,-3.23,4.25,-0.76,-1.20,-0.12
-6.75,-3.23,4.39,-0.76,-1.15,-0.14
-6.44,-3.22,4.50,-0.73,-1.01,-0.16
-6.24,-3.18,4.53,-0.69,-0.78,-0.18
-6.18,-3.15,4.60,-0.65,-0.53,-0.19
-6.19,-3.18,4.63,-0.60,-0.24,-0.21
-6.31,-3.23,4.74,-0.55,0.03,-0.24
-6.51,-3.25,4.74,-0.50,0.26,-0.28
-6.76,-3.29,4.69,-0.45,0.42,-0.31
-6.91,-3.43,4.67,-0.40,0.55,-0.34
-6.78,-3.68,4.65,-0.36,0.66,-0.38
-6.53,-3.99,4.57,-0.30,0.78,-0.43
-6.56,-4.24,4.70,-0.23,0.90,-0.48
-6.92,-4.45,4.70,-0.14,0.97,-0.50
-7.24,-4.65,4.65,-0.06,1.00,-0.51
-7.31,-4.77,4.51,0.01,1.02,-0.49
-7.10,-4.88,4.27,0.07,1.04,-0.48
-7.20,-4.61,3.92,0.14,1.10,-0.42
-6.88,-4.62,3.59,0.18,1.15,-0.32
-6.73,-4.46,3.32,0.20,1.17,-0.31
-6.82,-4.21,3.04,0.19,1.07,-0.33
-6.95,-3.93,2.75,0.15,0.96,-0.35
-7.05,-3.74,2.49,0.08,0.86,-0.32
-7.02,-3.72,2.29,-0.01,0.81,-0.27
-7.13,-3.77,2.31,-0.12,0.78,-0.22
-7.35,-3.92,2.42,-0.24,0.71,-0.15
-7.51,-4.13,2.55,-0.37,0.58,-0.08
-7.59,-4.36,2.65,-0.51,0.39,-0.04
-7.76,-4.58,2.68,-0.64,0.16,-0.01
-7.95,-4.81,2.64,-0.77,-0.10,0.02
-7.98,-4.98,2.59,-0.89,-0.35,0.06
-7.89,-5.09,2.63,-1.00,-0.55,0.09
-7.74,-5.22,2.84,-1.10,-0.71,0.13
-7.56,-5.39,3.23,-1.18,-0.83,0.17
-7.38,-5.61,3.68,-1.23,-0.94,0.23
-7.13,-5.78,3.93,-1.26,-1.05,0.26
-6.90,-5.86,3.88,-1.25,-1.18,0.22
-6.78,-5.76,3.55,-1.20,-1.24,0.25
-6.46,-5.67,3.22,-1.16,-1.24,0.28
-6.20,-5.66,2.99,-1.10,-1.19,0.25
-6.11,-5.71,2.89,-1.05,-1.09,0.19
-6.06,-5.71,2.89,-1.00,-0.99,0.13
-5.95,-5.61,2.93,-0.95,-0.92,0.07
-5.70,-5.53,2.86,-0.91,-0.88,-0.03
-5.38,-5.46,2.73,-0.87,-0.80,-0.12
-5.22,-5.36,2.58,-0.83,-0.71,-0.21
-5.25,-5.26,2.24,-0.79,-0.61,-0.28
-5.30,-5.24,1.88,-0.76,-0.50,-0.34
-5.47,-5.23,1.74,-0.75,-0.37,-0.38
-5.53,-5.16,1.77,-0.73,-0.18,-0.40
-5.53,-5.23,1.94,-0.73,0.02,-0.44
-5.61,-5.30,2.06,-0.75,0.14,-0.47
-5.92,-5.34,2.08,-0.79,0.11,-0.48
-6.48,-4.69,2.23,-0.82,-0.13,-0.37
-6.87,-5.03,2.02,-0.84,-0.27,-0.03
-7.32,-5.71,2.07,-0.75,-0.13,0.30
-7.72,-5.90,2.19,-0.71,0.02,0.49
-7.96,-5.68,2.73,-0.75,-0.11,0.53
-7.96,-5.25,3.17,-0.86,-0.56,0.42
-7.74,-4.95,3.46,-1.01,-1.18,0.27
-7.09,-5.11,3.62,-1.10,-1.67,0.16
-6.20,-5.56,3.61,-1.08,-1.84,0.07
-5.60,-5.86,3.49,-1.01,-1.79,-0.00
-5.23,-6.11,3.31,-0.92,-1.43,-0.05
-5.27,-5.98,3.60,-0.82,-1.11,-0.10
-5.62,-6.00,3.75,-0.76,-0.96,-0.13
-5.97,-6.09,3.85,-0.70,-0.96,-0.15
-6.22,-6.13,3.82,-0.66,-1.04,-0.15
-6.25,-6.11,3.69,-0.62,-1.14,-0.10
-6.11,-6.07,3.57,-0.58,-1.23,-0.04
-6.00,-5.99,3.51,-0.55,-1.30,0.03
-5.90,-5.91,3.47,-0.52,-1.38,0.10
-5.83,-5.79,3.41,-0.51,-1.47,0.18
-5.79,-5.68,3.30,-0.52,-1.60,0.25
-5.69,-5.65,3.16,-0.55,-1.78,0.31
-5.46,-5.72,3.02,-0.61,-1.98,0.36
-5.15,-5.84,2.92,-0.67,-2.17,0.39
-4.84,-6.00,2.87,-0.73,-2.32,0.41
-4.57,-6.16,2.88,-0.78,-2.41,0.40
-4.34,-6.33,3.00,-0.82,-2.42,0.38
-4.12,-6.53,3.11,-0.84,-2.37,0.34
-3.83,-6.79,3.19,-0.84,-2.26,0.29
-3.55,-7.07,3.39,-0.84,-2.10,0.21
-3.44,-7.34,3.64,-0.81,-1.89,0.12
-3.59,-7.52,3.94,-0.76,-1.65,0.03
-3.73,-7.19,4.44,-0.68,-1.43,-0.03
-3.77,-7.92,4.64,-0.58,-1.18,-0.10
-3.74,-8.16,4.86,-0.49,-0.92,-0.18
-3.65,-8.06,4.94,-0.40,-0.66,-0.24
-3.60,-7.81,5.03,-0.30,-0.41,-0.29
-3.74,-7.74,5.03,-0.18,-0.22,-0.33
-3.99,-7.71,5.09,-0.09,-0.08,-0.33
-4.13,-7.61,5.16,-0.03,-0.02,-0.32
-4.11,-7.47,5.15,0.00,0.01,-0.31
-3.99,-7.32,5.09,0.01,0.00,-0.29
-3.80,-7.33,4.92,0.01,0.01,-0.27
-3.73,-7.50,4.99,0.01,0.00,-0.27
-3.79,-7.55,5.10,0.01,-0.02,-0.24
-3.85,-7.54,5.32,0.02,-0.05,-0.22
-3.80,-7.53,5.43,0.03,-0.07,-0.20
-3.65,-7.54,5.45,0.05,-0.07,-0.18
-3.50,-7.54,5.42,0.08,-0.04,-0.16
-3.35,-7.55,5.36,0.11,-0.00,-0.15
-3.15,-7.57,5.27,0.13,0.04,-0.15
-2.95,-7.53,5.14,0.15,0.11,-0.17
-2.94,-7.43,5.01,0.16,0.19,-0.20
-3.06,-7.36,4.94,0.16,0.27,-0.22
-3.16,-7.30,4.91,0.15,0.32,-0.22
-3.19,-7.25,4.89,0.12,0.36,-0.22
-3.23,-7.20,4.87,0.10,0.36,-0.21
-3.32,-7.17,4.81,0.08,0.33,-0.19
-3.39,-7.19,4.83,0.06,0.27,-0.16
-3.31,-7.24,4.88,0.04,0.17,-0.13
-3.10,-7.30,4.85,0.03,0.10,-0.11
-2.88,-7.35,4.77,0.02,0.07,-0.10
-2.78,-7.40,4.68,0.02,0.08,-0.11
-2.81,-7.43,4.63,0.03,0.11,-0.11
-2.91,-7.46,4.59,0.03,0.15,-0.12
-3.05,-7.45,4.56,0.03,0.17,-0.11
-3.19,-7.41,4.49,0.03,0.16,-0.11
-3.30,-7.34,4.41,0.02,0.13,-0.09
-3.34,-7.29,4.34,0.01,0.10,-0.07
-3.39,-7.24,4.31,-0.01,0.07,-0.05
-3.36,-7.19,4.29,-0.03,0.03,-0.03
-3.21,-7.10,4.29,-0.05,0.01,-0.01
-3.01,-7.03,4.36,-0.06,0.00,-0.01
-2.83,-7.02,4.47,-0.06,0.02,-0.01
-2.78,-7.01,4.50,-0.07,0.05,-0.03
-2.88,-7.00,4.54,-0.07,0.07,-0.04
-2.98,-6.98,4.53,-0.07,0.08,-0.05
-3.02,-6.98,4.47,-0.06,0.08,-0.05
-3.09,-6.98,4.42,-0.05,0.09,-0.04
-3.16,-6.96,4.47,-0.04,0.09,-0.04
-3.13,-6.98,4.54,-0.03,0.06,-0.03
-3.10,-7.02,4.54,-0.02,0.04,-0.02
-3.15,-7.08,4.50,-0.02,0.03,-0.02
aX,aY,aZ,gX,gY,gZ
-5.17,-7.81,4.19,1.56,3.39,-0.10
-5.52,-7.46,4.03,1.69,3.51,-0.09
-5.92,-7.07,3.83,1.80,3.57,-0.06
-6.22,-6.66,3.61,1.86,3.55,-0.03
-6.41,-6.26,3.38,1.90,3.47,-0.00
-6.48,-5.89,3.11,1.90,3.38,0.01
-6.47,-5.61,2.81,1.87,3.30,0.00
-6.46,-5.42,2.52,1.84,3.27,-0.00
-6.47,-5.26,2.15,1.81,3.30,-0.00
-6.56,-5.12,1.89,1.77,3.37,0.01
-6.90,-4.97,1.76,1.75,3.39,0.05
-7.45,-4.80,1.62,1.71,3.33,0.12
-8.00,-4.67,1.54,1.65,3.16,0.21
-8.30,-4.56,1.43,1.57,2.90,0.30
-8.32,-4.49,1.28,1.47,2.60,0.38
-8.19,-4.43,1.07,1.36,2.30,0.42
-8.02,-4.38,0.84,1.25,2.07,0.45
-7.88,-4.34,0.58,1.15,1.93,0.47
-7.78,-4.31,0.31,1.06,1.89,0.50
-7.73,-4.28,0.05,0.97,1.95,0.54
-7.75,-4.24,-0.15,0.90,2.04,0.58
-7.83,-4.19,-0.32,0.82,2.12,0.63
-7.97,-4.12,-0.45,0.75,2.18,0.68
-8.11,-4.07,-0.51,0.69,2.20,0.74
-8.17,-4.02,-0.63,0.63,2.17,0.80
-8.12,-4.01,-0.80,0.57,2.12,0.86
-7.99,-4.02,-0.99,0.52,2.09,0.89
-7.89,-4.02,-1.17,0.48,2.06,0.90
-7.86,-3.90,-1.37,0.48,2.07,0.93
-7.94,-3.91,-1.02,0.47,2.08,0.96
-8.28,-3.90,-0.62,0.46,2.03,0.99
-8.46,-3.86,-0.49,0.50,1.95,1.03
-8.07,-3.91,-0.34,0.56,2.09,1.07
-7.69,-3.88,-0.17,0.65,2.11,1.10
-7.75,-3.68,-0.83,0.72,1.99,1.17
-8.11,-3.64,-1.66,0.78,1.89,1.28
-8.46,-3.64,-1.70,0.84,1.66,1.38
-8.45,-3.61,-2.10,0.88,1.36,1.41
-8.16,-3.44,-2.39,0.91,1.11,1.36
-7.67,-3.20,-2.83,0.97,1.01,1.25
-7.44,-3.08,-3.21,1.01,1.04,1.12
-7.48,-2.98,-3.35,1.04,1.07,0.99
-7.77,-2.82,-3.48,1.03,1.00,0.88
-8.13,-2.61,-3.58,0.99,0.84,0.80
-8.63,-2.38,-3.40,0.91,0.51,0.73
-9.18,-2.12,-3.25,0.77,-0.00,0.69
-9.36,-1.99,-3.53,0.60,-0.56,0.66
-9.07,-1.99,-3.68,0.43,-0.96,0.63
-8.68,-2.02,-3.81,0.27,-1.26,0.56
-8.48,-2.03,-3.86,0.13,-1.41,0.49
-8.43,-2.01,-3.79,-0.01,-1.50,0.42
-8.43,-1.99,-3.72,-0.13,-1.51,0.36
-8.56,-1.98,-3.51,-0.24,-1.49,0.30
-8.86,-1.94,-3.26,-0.35,-1.49,0.25
-9.16,-1.87,-2.94,-0.45,-1.50,0.23
-9.34,-1.79,-2.54,-0.55,-1.54,0.22
-9.48,-1.71,-2.24,-0.64,-1.60,0.21
-9.56,-1.63,-1.95,-0.72,-1.65,0.21
-9.51,-1.55,-1.55,-0.77,-1.67,0.21
-9.36,-1.44,-1.21,-0.79,-1.64,0.21
-9.22,-1.33,-0.80,-0.79,-1.57,0.21
-9.16,-1.28,-0.35,-0.75,-1.54,0.21
-9.40,-1.21,-0.14,-0.72,-1.61,0.26
-9.10,-1.34,0.17,-0.70,-1.83,0.36
-8.09,-1.42,0.31,-0.63,-1.91,0.41
-7.59,-1.37,0.40,-0.49,-1.81,0.43
-7.54,-1.31,0.65,-0.34,-1.60,0.39
-7.99,-1.24,0.98,-0.17,-1.38,0.32
-8.43,-1.21,1.24,-0.02,-1.27,0.25
-8.75,-1.20,1.12,0.03,-1.35,0.19
-9.12,-1.20,1.04,-0.03,-1.47,0.18
-9.42,-1.14,1.26,-0.11,-1.54,0.23
-9.32,-1.02,1.39,-0.17,-1.58,0.29
-8.63,-1.14,1.64,-0.14,-1.42,0.30
-8.51,-0.98,1.85,-0.10,-1.26,0.25
-8.73,-0.81,2.18,-0.07,-1.13,0.20
-8.77,-0.74,2.32,-0.04,-1.05,0.15
-8.77,-0.65,2.45,-0.02,-0.97,0.08
-8.94,-0.62,2.45,-0.04,-0.95,0.02
-9.33,-0.68,2.48,-0.10,-0.96,-0.01
-9.59,-0.62,2.60,-0.19,-0.97,0.03
-9.47,-0.49,2.91,-0.25,-0.97,0.08
-9.38,-0.39,3.17,-0.30,-0.99,0.12
-9.45,-0.44,3.39,-0.33,-1.06,0.13
-9.56,-0.62,3.49,-0.35,-1.13,0.15
-9.42,-0.75,3.42,-0.36,-1.19,0.15
-9.11,-0.82,3.31,-0.37,-1.21,0.14
-8.80,-0.81,3.26,-0.39,-1.19,0.13
-8.84,-0.77,3.20,-0.40,-1.13,0.13
-9.10,-0.87,3.11,-0.48,-1.14,0.24
-8.76,-0.92,3.32,-0.53,-1.11,0.38
-8.21,-0.85,3.41,-0.51,-1.04,0.46
-7.89,-0.76,3.39,-0.49,-0.98,0.46
-7.55,-0.84,3.35,-0.49,-0.93,0.39
-7.57,-0.90,3.34,-0.51,-0.89,0.29
-7.47,-0.97,3.45,-0.54,-0.85,0.22
-7.23,-0.96,3.58,-0.55,-0.78,0.17
-7.44,-0.81,3.61,-0.54,-0.66,0.19
-7.66,-0.67,3.73,-0.54,-0.56,0.31
-7.47,-0.60,3.82,-0.52,-0.49,0.44
-7.22,-0.67,3.94,-0.50,-0.38,0.53
-7.24,-0.82,4.14,-0.47,-0.30,0.58
-7.39,-0.80,4.25,-0.46,-0.24,0.64
-7.21,-0.69,4.36,-0.46,-0.21,0.68
-6.71,-0.84,4.54,-0.45,-0.16,0.68
-6.36,-1.01,4.64,-0.41,-0.05,0.61
-6.36,-0.98,4.64,-0.35,0.08,0.51
-6.55,-0.84,4.63,-0.30,0.13,0.40
-6.54,-0.82,4.69,-0.28,0.11,0.29
-6.09,-1.09,4.90,-0.21,0.16,0.15
-6.03,-1.10,5.13,-0.08,0.30,-0.01
-6.33,-0.88,5.20,0.06,0.45,-0.13
-6.78,-0.59,5.22,0.14,0.53,-0.18
-7.53,-0.23,5.12,0.15,0.46,-0.19
-8.21,-0.24,5.06,0.11,0.31,-0.16
-8.34,-0.34,4.91,0.03,0.08,-0.11
-8.35,-0.54,4.85,-0.04,-0.09,-0.06
-7.92,-1.23,4.75,-0.10,-0.18,0.03
-7.47,-1.55,4.85,-0.09,-0.10,0.14
-7.50,-1.00,4.83,-0.01,0.05,0.20
-8.09,-0.26,4.70,0.02,0.07,0.22
-8.49,-0.17,4.53,-0.05,-0.09,0.22
-8.80,-0.30,4.34,-0.19,-0.39,0.20
-8.71,-0.23,4.12,-0.40,-0.78,0.15
-7.43,-0.24,4.12,-0.54,-0.99,0.03
-6.81,-0.79,4.38,-0.57,-0.92,-0.08
-6.94,-1.35,4.63,-0.49,-0.66,-0.13
-7.56,-1.38,4.59,-0.40,-0.39,-0.08
-7.79,-1.33,4.64,-0.34,-0.13,0.06
-7.68,-1.22,4.77,-0.26,0.14,0.20
-7.94,-0.97,4.77,-0.21,0.25,0.30
-8.01,-0.78,4.70,-0.23,0.21,0.39
-8.05,-0.79,4.68,-0.28,0.10,0.46
-8.06,-0.95,4.71,-0.35,-0.04,0.50
-7.90,-1.29,4.81,-0.42,-0.20,0.51
-7.52,-1.53,4.85,-0.49,-0.33,0.48
-7.21,-1.41,4.98,-0.55,-0.44,0.45
-6.89,-1.11,5.08,-0.58,-0.48,0.43
-6.66,-0.83,5.22,-0.57,-0.46,0.46
-6.41,-0.56,5.39,-0.49,-0.39,0.45
-6.14,-0.52,5.42,-0.38,-0.29,0.35
-6.03,-0.80,5.44,-0.25,-0.16,0.18
-6.32,-1.20,5.39,-0.15,-0.06,-0.02
-6.78,-1.37,5.28,-0.09,-0.03,-0.21
-7.41,-1.66,5.13,-0.11,-0.05,-0.29
-7.67,-1.83,5.20,-0.16,-0.13,-0.23
-8.26,-1.84,5.29,-0.21,-0.20,-0.07
-8.62,-1.53,5.35,-0.26,-0.29,0.16
-8.33,-1.19,5.37,-0.31,-0.40,0.38
-7.76,-1.05,5.36,-0.37,-0.53,0.51
-7.26,-1.09,5.35,-0.40,-0.61,0.56
-7.06,-1.10,5.28,-0.40,-0.60,0.56
-7.14,-0.93,5.25,-0.41,-0.58,0.57
-7.31,-0.68,5.26,-0.43,-0.56,0.61
-7.37,-0.53,5.39,-0.47,-0.58,0.68
-7.37,-0.55,5.62,-0.53,-0.63,0.75
-7.40,-0.68,5.91,-0.56,-0.67,0.82
-7.47,-0.78,6.16,-0.57,-0.69,0.89
-7.51,-0.80,6.34,-0.57,-0.70,0.97
-7.56,-0.79,6.41,-0.58,-0.76,1.07
-7.37,-0.93,6.49,-0.64,-0.86,1.20
-6.82,-1.19,6.72,-0.65,-0.86,1.33
-6.14,-1.24,6.89,-0.62,-0.81,1.39
-5.58,-1.08,7.04,-0.54,-0.69,1.36
-5.43,-0.92,7.09,-0.42,-0.54,1.25
-5.74,-0.85,6.98,-0.33,-0.45,1.10
-6.18,-0.82,6.81,-0.28,-0.44,0.98
-6.32,-0.78,6.65,-0.30,-0.51,0.94
-5.62,-0.87,6.70,-0.33,-0.61,0.93
-3.23,-1.60,6.96,-0.19,-0.38,0.73
-3.01,-1.59,6.92,-0.06,-0.06,0.51
-4.72,-1.53,7.23,0.08,0.25,0.55
-5.58,-1.19,7.76,0.25,0.41,0.73
-5.96,-0.87,8.66,0.40,0.16,0.80
-5.76,-0.84,8.49,0.47,-0.66,0.71
-5.61,-0.22,6.90,0.43,-1.25,0.59
-4.97,0.41,5.71,0.32,-1.11,0.54
-4.02,0.79,5.05,0.16,-0.76,0.50
-3.01,0.43,4.41,-0.04,-0.38,0.40
-3.30,0.12,5.64,-0.24,0.04,0.28
-4.12,-0.10,5.94,-0.20,-0.03,0.18
-4.68,-0.01,6.21,-0.14,-0.04,0.12
-5.35,0.28,6.19,-0.00,0.07,0.17
-5.73,0.46,6.19,0.07,0.06,0.30
-5.62,0.36,6.05,0.06,-0.03,0.43
-5.03,0.22,6.02,0.01,-0.14,0.48
-4.65,0.21,6.15,-0.03,-0.14,0.42
-4.49,0.34,6.31,-0.05,-0.14,0.32
-4.20,0.39,6.36,-0.09,-0.14,0.20
-3.67,0.32,6.53,-0.11,-0.13,-0.01
-3.30,0.38,6.42,-0.18,-0.23,-0.31
-3.85,0.57,6.34,-0.42,-0.64,-0.64
-5.18,0.74,6.62,-0.59,-0.93,-0.84
-6.41,0.76,6.94,-0.58,-0.87,-0.76
-6.70,0.68,7.13,-0.52,-0.76,-0.46
-5.85,0.38,7.21,-0.43,-0.61,-0.20
-4.76,0.00,7.28,-0.35,-0.46,-0.11
-4.30,-0.22,7.34,-0.29,-0.34,-0.15
-4.53,-0.10,7.40,-0.22,-0.18,-0.17
-4.57,-0.06,7.43,-0.16,-0.02,-0.11
-4.45,-0.40,7.47,-0.09,0.10,-0.08
-3.29,-1.94,7.36,-0.18,0.00,0.04
-3.41,-1.77,7.57,-0.12,0.22,0.05
-4.36,-0.68,7.81,-0.03,0.39,0.03
-4.67,-0.24,7.97,-0.01,0.33,-0.00
-4.92,0.08,8.03,-0.01,0.24,-0.05
-4.93,0.25,7.99,0.01,0.16,-0.08
-4.69,0.28,7.95,0.03,0.09,-0.14
-4.82,0.30,7.89,0.07,0.03,-0.21
-4.72,-0.11,7.92,0.08,-0.05,-0.33
-4.89,-0.37,7.87,0.06,-0.18,-0.51
-4.83,-0.50,7.73,0.03,-0.27,-0.66
-4.55,-0.57,7.78,0.05,-0.23,-0.73
-4.53,-0.62,7.79,0.09,-0.16,-0.73
-4.77,-0.45,7.70,0.10,-0.15,-0.68
-5.01,-0.36,7.55,0.07,-0.17,-0.60
-5.07,-0.33,7.47,0.01,-0.21,-0.52
-5.01,-0.22,7.48,-0.05,-0.23,-0.44
-4.76,-0.11,7.58,-0.10,-0.27,-0.38
-4.46,-0.18,7.75,-0.13,-0.32,-0.36
-4.53,-0.13,7.84,-0.14,-0.35,-0.36
-4.72,-0.24,7.94,-0.13,-0.32,-0.32
-4.94,-0.34,8.09,-0.10,-0.27,-0.28
-4.96,-0.33,8.15,-0.07,-0.25,-0.25
-4.98,-0.25,8.22,-0.05,-0.27,-0.18
-4.67,-0.30,8.08,-0.01,-0.23,-0.09
-4.37,-0.23,7.89,0.04,-0.11,-0.00
-4.05,0.01,7.90,0.13,-0.08,0.09
-3.80,0.11,7.52,0.16,-0.03,0.21
-3.72,0.09,7.44,0.20,0.04,0.34
-3.56,-0.10,7.12,0.23,0.10,0.46
-3.31,-0.54,6.87,0.21,0.13,0.53
-3.30,-1.14,6.77,0.13,0.11,0.49
-3.57,-1.58,6.65,0.05,0.07,0.37
-3.94,-1.91,6.70,0.01,0.03,0.21
-4.16,-1.91,6.76,0.02,-0.02,0.04
-4.28,-1.68,6.79,0.06,-0.06,-0.04
-4.33,-1.38,6.98,0.12,-0.08,-0.06
-4.58,-0.98,7.07,0.14,-0.17,-0.06
-4.17,-0.80,7.29,0.11,-0.27,-0.09
-3.83,-0.32,7.56,0.08,-0.31,-0.12
-3.62,0.13,7.77,0.03,-0.33,-0.11
-3.41,0.21,7.87,-0.02,-0.31,-0.08
-3.31,0.12,7.84,-0.10,-0.28,-0.09
-3.37,0.03,7.72,-0.24,-0.27,-0.13
-3.31,-0.29,7.74,-0.39,-0.27,-0.23
-3.37,-0.39,7.52,-0.55,-0.30,-0.37
-3.12,-0.68,7.84,-0.65,-0.28,-0.50
-3.03,-1.02,8.24,-0.61,-0.25,-0.64
-3.47,-0.93,8.60,-0.43,-0.19,-0.74
-4.39,-0.93,8.69,-0.19,-0.11,-0.68
-4.71,-0.95,8.48,-0.04,-0.04,-0.48
-4.73,-0.74,8.77,0.06,0.03,-0.30
-4.63,-0.59,8.52,0.16,0.01,-0.14
-4.55,-0.54,8.68,0.21,-0.04,-0.00
-4.29,-0.50,8.52,0.31,-0.05,0.06
-3.89,-0.30,8.49,0.36,-0.05,0.09
-3.79,-0.08,8.47,0.40,0.02,0.12
-3.70,-0.02,8.25,0.40,0.16,0.17
-3.73,0.04,7.88,0.37,0.36,0.23
-3.63,-0.12,7.91,0.27,0.54,0.25
-3.63,-0.23,7.65,0.16,0.63,0.23
-3.44,-1.02,7.42,-0.01,0.66,0.12
-3.65,-1.11,7.36,-0.21,0.55,-0.06
-3.97,-1.19,7.36,-0.36,0.48,-0.17
-4.23,-1.55,7.74,-0.41,0.39,-0.26
-4.32,-1.76,7.83,-0.37,0.27,-0.34
-4.25,-1.80,7.69,-0.32,0.16,-0.42
-4.15,-1.62,7.69,-0.27,0.07,-0.48
-4.13,-1.23,7.56,-0.21,0.03,-0.47
-4.09,-0.93,7.58,-0.17,0.04,-0.43
-4.01,-0.67,7.73,-0.11,0.04,-0.38
-3.91,-0.45,7.89,-0.05,0.03,-0.33
-3.90,-0.23,8.03,0.03,-0.01,-0.30
-4.00,-0.12,8.33,0.13,-0.02,-0.27
-3.81,-0.16,8.47,0.25,-0.03,-0.25
-3.74,-0.09,8.34,0.34,-0.07,-0.23
-3.84,-0.21,8.06,0.38,-0.07,-0.16
-3.66,-0.18,7.83,0.38,0.02,-0.10
-3.74,-0.30,7.98,0.44,0.09,-0.03
-3.70,-0.35,7.34,0.45,0.24,0.04
-3.54,-0.25,6.98,0.41,0.43,0.07
-3.88,-0.32,7.56,0.41,0.58,0.05
-3.80,-0.32,8.03,0.45,0.43,0.02
-3.97,-0.47,8.20,0.53,0.22,-0.02
-3.94,-0.64,8.09,0.60,0.04,-0.08
-4.02,-0.74,7.74,0.61,-0.10,-0.15
-4.04,-0.91,7.35,0.54,-0.15,-0.22
-4.01,-0.91,7.22,0.41,-0.14,-0.29
-3.98,-0.91,7.59,0.27,-0.16,-0.32
-3.96,-1.02,7.90,0.19,-0.19,-0.35
-4.03,-1.02,7.86,0.14,-0.19,-0.41
-4.16,-1.24,7.49,0.09,0.08,-0.61
-4.41,-0.44,7.70,0.09,0.12,-0.67
-3.75,0.02,7.85,0.12,-0.03,-0.67
-3.85,0.22,7.56,0.20,-0.03,-0.59
-4.19,0.08,7.60,0.28,0.06,-0.54
-4.39,-0.04,7.65,0.34,0.09,-0.55
-4.40,-0.28,7.70,0.42,0.11,-0.59
-4.36,-0.43,7.24,0.47,0.18,-0.66
aX,aY,aZ,gX,gY,gZ
-6.60,-4.10,2.91,2.64,4.91,-0.93
-6.96,-3.88,2.74,3.09,4.65,-0.95
-6.93,-3.77,2.58,3.50,4.17,-0.97
-6.80,-3.92,2.41,3.84,3.54,-1.08
-6.66,-4.39,2.33,4.14,2.81,-1.31
-6.69,-4.97,2.44,4.41,2.00,-1.71
-6.84,-5.38,2.54,4.71,1.17,-2.14
-6.95,-5.85,2.50,4.78,-0.05,-2.66
-6.99,-6.37,2.32,4.66,-1.46,-3.21
-7.27,-6.18,2.52,4.54,-2.66,-3.66
-7.31,-6.92,3.67,4.55,-4.56,-4.11
-7.69,-7.34,2.84,4.23,-6.83,-4.82
-8.17,-6.58,1.54,3.49,-8.73,-5.34
-7.86,-6.00,-1.07,2.09,-8.73,-5.66
-7.10,-4.61,-3.30,0.10,-8.73,-5.44
-5.60,-4.54,-4.60,-1.77,-8.73,-4.69
-4.01,-5.80,-4.87,-3.33,-6.82,-3.86
-2.76,-7.19,-4.30,-4.50,-4.49,-3.25
-1.82,-9.17,-3.05,-5.11,-2.27,-2.91
-1.29,-11.36,-1.73,-5.27,-0.49,-2.90
-1.36,-12.84,-0.50,-5.22,0.59,-2.94
-1.58,-13.72,0.40,-5.04,0.97,-2.77
-1.63,-13.94,1.04,-4.80,0.79,-2.30
-1.39,-14.16,1.61,-4.44,0.20,-1.61
-0.90,-14.10,1.61,-4.07,-0.70,-0.94
-0.40,-14.19,1.48,-3.72,-1.77,-0.34
0.07,-14.33,1.19,-3.36,-2.85,0.11
0.47,-14.35,0.64,-2.98,-3.79,0.42
0.78,-14.16,-0.14,-2.65,-4.50,0.65
0.99,-13.59,-0.91,-2.44,-4.94,0.80
1.09,-12.93,-1.45,-2.27,-5.08,0.94
1.17,-12.35,-1.77,-2.08,-4.96,1.12
1.21,-11.90,-1.94,-1.84,-4.66,1.34
1.18,-11.64,-1.93,-1.56,-4.27,1.61
1.13,-11.57,-1.88,-1.24,-3.88,1.92
1.20,-11.79,-1.83,-0.91,-3.53,2.28
1.58,-12.37,-1.81,-0.58,-3.22,2.54
1.92,-12.88,-1.90,-0.29,-2.97,2.61
2.13,-13.08,-2.06,-0.15,-2.80,2.53
2.11,-12.76,-2.14,-0.13,-2.69,2.40
2.04,-11.93,-2.06,-0.13,-2.59,2.28
2.06,-11.02,-1.91,-0.06,-2.42,2.18
2.33,-10.62,-1.71,0.16,-2.16,2.00
2.56,-10.50,-1.77,0.42,-1.85,1.67
2.61,-10.50,-1.90,0.58,-1.58,1.24
2.58,-10.50,-2.08,0.65,-1.31,0.78
2.38,-10.12,-2.14,0.64,-1.01,0.39
2.28,-9.68,-2.02,0.69,-0.68,0.06
2.19,-9.17,-2.00,0.74,-0.39,-0.25
2.03,-8.76,-1.81,0.76,-0.23,-0.58
2.02,-8.68,-1.69,0.79,-0.19,-0.92
1.89,-8.62,-1.64,0.77,-0.25,-1.31
1.82,-8.94,-1.65,0.77,-0.34,-1.64
1.91,-9.38,-1.87,0.70,-0.44,-2.01
1.75,-9.75,-1.90,0.62,-0.52,-2.35
1.54,-10.19,-1.96,0.53,-0.58,-2.62
1.44,-10.75,-2.08,0.43,-0.63,-2.79
1.44,-11.31,-2.21,0.29,-0.65,-2.95
1.37,-11.67,-2.28,0.12,-0.62,-3.10
1.20,-11.78,-2.32,-0.05,-0.52,-3.20
1.01,-11.75,-2.18,-0.21,-0.39,-3.25
0.69,-11.54,-1.93,-0.33,-0.29,-3.24
0.34,-11.26,-1.75,-0.44,-0.26,-3.11
0.11,-10.97,-1.65,-0.57,-0.28,-2.90
0.06,-10.80,-1.57,-0.68,-0.28,-2.64
-0.09,-10.55,-1.45,-0.76,-0.25,-2.36
-0.09,-10.43,-1.41,-0.78,-0.18,-2.05
-0.24,-10.23,-1.25,-0.78,-0.09,-1.71
-0.30,-10.16,-1.11,-0.72,-0.01,-1.34
-0.41,-9.79,-1.13,-0.66,0.06,-0.92
-0.48,-9.35,-1.02,-0.61,0.10,-0.48
-0.47,-9.05,-0.85,-0.48,0.14,-0.02
-0.38,-8.85,-0.90,-0.33,0.17,0.44
-0.32,-8.64,-0.93,-0.19,0.20,0.88
-0.18,-8.63,-1.01,-0.03,0.22,1.36
0.06,-8.76,-1.27,0.07,0.24,1.81
0.56,-9.32,-1.45,0.15,0.32,2.18
1.10,-10.00,-1.62,0.23,0.48,2.38
1.35,-10.73,-1.64,0.33,0.67,2.47
1.66,-11.30,-1.76,0.38,0.84,2.49
1.67,-11.48,-1.59,0.39,0.94,2.36
1.51,-11.36,-1.38,0.48,0.98,2.35
1.60,-11.24,-1.48,0.52,0.92,2.28
1.21,-10.75,-1.34,0.47,0.81,2.25
1.32,-10.89,-1.19,0.48,0.64,2.26
1.28,-11.06,-1.06,0.47,0.41,2.17
1.36,-11.45,-0.80,0.53,0.14,2.06
1.25,-11.15,-0.82,0.57,-0.21,1.89
1.07,-10.37,-0.95,0.57,-0.57,1.73
0.80,-9.69,-1.27,0.53,-0.81,1.71
1.03,-9.75,-1.59,0.46,-0.84,1.75
1.32,-9.97,-1.72,0.42,-0.68,1.69
1.48,-10.07,-1.66,0.41,-0.44,1.54
1.35,-9.85,-1.46,0.40,-0.25,1.35
1.20,-9.64,-1.29,0.39,-0.17,1.18
1.06,-9.56,-1.23,0.35,-0.21,1.03
1.04,-9.62,-1.29,0.27,-0.28,0.89
1.03,-9.59,-1.36,0.16,-0.34,0.74
0.96,-9.35,-1.42,0.05,-0.34,0.60
0.89,-8.96,-1.42,-0.06,-0.29,0.48
0.85,-8.43,-1.19,-0.14,-0.25,0.34
0.90,-8.19,-0.79,-0.09,-0.27,0.12
0.96,-8.81,-0.52,0.04,-0.41,-0.22
1.04,-9.98,-0.26,0.19,-0.67,-0.69
0.83,-10.85,-0.16,0.36,-1.02,-1.26
0.37,-11.04,-0.41,0.45,-1.39,-1.74
-0.02,-11.00,-0.75,0.41,-1.68,-2.07
-0.27,-11.02,-1.02,0.30,-1.81,-2.27
-0.25,-11.35,-1.19,0.19,-1.75,-2.43
-0.41,-11.51,-1.30,0.06,-1.54,-2.58
-0.77,-11.05,-1.40,-0.10,-1.26,-2.67
-1.46,-9.53,-1.40,-0.33,-0.92,-2.51
-1.61,-8.19,-1.36,-0.46,-0.33,-2.11
-1.96,-7.43,-1.19,-0.49,0.57,-1.49
-2.10,-7.36,-0.47,-0.57,1.22,-0.79
-1.31,-7.35,-0.78,-0.70,1.56,-0.39
-0.36,-6.55,-1.06,-1.45,1.71,-0.52
-0.77,-5.64,0.34,-2.20,1.73,-1.11
-1.58,-6.38,2.81,-1.85,1.72,-1.53
-2.06,-7.92,2.63,-1.11,1.44,-1.59
-2.44,-8.35,1.41,-0.83,1.02,-1.59
-3.39,-7.85,1.26,-0.72,0.78,-1.01
-2.98,-7.36,0.31,-0.70,0.66,-0.14
-2.88,-6.65,0.27,-0.97,0.58,0.57
-2.56,-6.25,0.50,-0.94,0.49,1.43
-1.80,-6.51,0.78,-0.83,0.21,2.04
-1.13,-6.95,0.75,-0.62,-0.25,2.38
-0.33,-8.52,0.91,-0.22,-0.76,2.55
0.62,-10.54,0.56,0.35,-1.19,2.46
1.25,-11.83,-0.32,0.79,-1.53,2.17
1.53,-12.22,-1.18,0.96,-1.76,1.83
1.75,-12.25,-1.68,0.99,-1.82,1.55
1.99,-12.24,-1.95,1.06,-1.68,1.31
1.99,-12.19,-2.09,1.18,-1.38,1.11
1.93,-12.21,-2.40,1.30,-1.01,1.06
1.99,-11.24,-2.79,1.14,-0.70,0.93
1.64,-11.53,-2.53,1.10,-0.35,1.07
2.03,-12.57,-3.23,0.95,0.04,1.21
2.54,-13.91,-3.74,0.52,0.47,1.14
2.89,-14.83,-3.79,-0.01,0.97,0.90
3.02,-15.00,-3.25,-0.50,1.45,0.46
2.72,-14.29,-2.40,-0.81,1.79,-0.09
2.16,-13.04,-1.56,-0.95,1.88,-0.61
1.62,-11.73,-0.85,-0.96,1.70,-1.05
1.07,-10.46,-0.50,-0.92,1.33,-1.38
0.58,-9.43,-0.34,-0.89,0.88,-1.54
0.37,-8.86,-0.32,-0.80,0.49,-1.56
0.35,-8.62,-0.46,-0.65,0.26,-1.52
0.34,-8.52,-0.81,-0.50,0.18,-1.43
0.28,-8.46,-1.20,-0.43,0.20,-1.30
0.27,-8.41,-1.52,-0.46,0.29,-1.10
0.33,-8.43,-1.73,-0.54,0.45,-0.88
0.45,-8.50,-1.87,-0.63,0.69,-0.68
0.59,-8.62,-1.95,-0.71,0.99,-0.52
0.68,-8.71,-2.04,-0.81,1.31,-0.41
0.61,-8.69,-2.08,-0.96,1.62,-0.32
0.43,-8.60,-2.10,-1.15,1.90,-0.20
0.33,-8.65,-1.97,-1.32,2.15,-0.04
0.37,-8.87,-1.85,-1.49,2.37,0.12
0.48,-9.13,-1.56,-1.61,2.53,0.20
0.56,-9.26,-1.07,-1.62,2.62,0.18
0.59,-9.13,-0.61,-1.50,2.58,0.08
0.48,-8.76,-0.21,-1.29,2.39,-0.08
0.36,-8.25,0.02,-1.04,2.06,-0.25
0.23,-7.67,0.06,-0.81,1.64,-0.40
0.16,-7.13,-0.03,-0.61,1.22,-0.52
0.14,-6.67,-0.20,-0.40,0.89,-0.60
0.20,-6.39,-0.44,-0.18,0.69,-0.65
0.35,-6.38,-0.66,0.09,0.64,-0.71
0.57,-6.72,-0.83,0.40,0.71,-0.78
0.83,-7.35,-1.06,0.76,0.87,-0.88
1.03,-8.17,-1.40,1.08,1.08,-1.01
1.11,-9.00,-1.78,1.31,1.30,-1.11
1.14,-9.78,-2.12,1.42,1.52,-1.13
1.21,-10.44,-2.32,1.47,1.77,-1.06
1.39,-10.97,-2.35,1.53,2.05,-0.96
1.56,-11.31,-2.29,1.64,2.33,-0.89
1.58,-11.38,-2.25,1.76,2.55,-0.84
1.43,-11.28,-2.22,1.83,2.67,-0.76
1.28,-11.19,-2.30,1.84,2.69,-0.60
1.27,-11.24,-2.44,1.76,2.68,-0.37
1.38,-11.54,-2.58,1.64,2.70,-0.13
1.52,-11.99,-2.66,1.50,2.79,0.09
1.66,-12.38,-2.75,1.34,2.91,0.27
1.70,-12.60,-2.61,1.13,2.98,0.38
1.64,-12.56,-2.23,0.96,2.96,0.47
1.53,-12.15,-1.79,0.86,2.81,0.55
1.37,-11.43,-1.40,0.83,2.50,0.62
1.22,-10.52,-1.11,0.84,2.05,0.69
1.07,-9.44,-1.03,0.84,1.52,0.76
0.91,-8.28,-1.08,0.84,1.00,0.84
0.85,-7.13,-1.24,0.82,0.56,0.93
0.82,-6.03,-1.30,0.79,0.21,0.96
0.58,-5.13,-1.24,0.83,-0.05,1.00
0.43,-4.78,-1.37,0.93,-0.22,1.16
0.51,-5.23,-1.82,1.00,-0.32,1.37
0.88,-6.28,-2.53,0.90,-0.32,1.57
1.32,-7.68,-3.17,0.59,-0.22,1.68
1.78,-9.06,-3.57,0.14,0.01,1.71
2.07,-10.25,-3.53,-0.34,0.31,1.62
2.29,-11.29,-3.26,-0.71,0.66,1.47
2.39,-12.10,-2.91,-0.96,0.97,1.27
2.90,-18.51,5.03,-0.55,-0.28,-0.25
0.39,-12.76,1.99,-0.20,-1.96,-0.88
0.12,-11.35,0.17,0.33,-1.77,-0.40
0.54,-12.15,1.88,0.33,-0.83,0.14
0.36,-10.48,3.06,0.39,-0.74,0.37
0.93,-9.98,3.61,0.34,-1.54,0.53
0.87,-9.62,3.52,0.36,-2.44,0.55
1.64,-9.49,2.32,0.46,-2.28,0.65
1.97,-9.30,2.42,0.50,-1.75,0.57
2.27,-9.30,2.42,0.59,-1.13,0.40
2.29,-9.20,2.32,0.67,-0.59,0.24
1.66,-9.03,2.63,0.71,-0.28,0.14
1.22,-9.09,2.44,0.76,-0.18,0.12
0.92,-9.11,2.37,0.89,-0.12,0.12
0.71,-9.07,2.40,1.07,-0.12,0.14
0.62,-9.03,2.44,1.25,-0.13,0.17
0.51,-8.94,2.55,1.39,-0.16,0.19
0.39,-8.86,2.71,1.48,-0.21,0.22
0.47,-8.74,2.96,1.57,-0.26,0.27
0.30,-8.62,3.12,1.61,-0.28,0.31
0.29,-8.48,3.33,1.57,-0.39,0.37
0.37,-8.43,3.45,1.45,-0.48,0.42
0.50,-8.41,3.55,1.29,-0.52,0.44
0.77,-8.66,3.22,1.11,-0.40,0.41
0.71,-8.87,3.96,0.90,-0.26,0.29
0.81,-8.48,2.82,0.81,-0.16,0.21
0.75,-8.39,2.86,0.70,-0.08,0.13
0.62,-8.66,3.43,0.64,0.02,0.08
0.62,-8.76,3.67,0.51,0.05,0.00
0.76,-8.69,2.80,0.42,0.03,-0.08
0.78,-9.02,3.71,0.31,0.25,-0.20
0.71,-8.91,3.51,0.18,0.49,-0.29
0.45,-8.76,3.62,0.03,0.46,-0.41
0.48,-8.45,3.21,-0.12,0.75,-0.46
0.23,-8.13,3.04,-0.22,0.72,-0.48
0.09,-8.33,4.02,-0.24,0.73,-0.45
-0.12,-8.29,4.65,-0.23,0.53,-0.41
-0.13,-8.17,4.35,-0.30,0.56,-0.30
-0.18,-7.91,4.20,-0.36,0.38,-0.20
-0.12,-7.80,4.19,-0.47,0.15,-0.16
0.06,-7.69,3.72,-0.44,0.24,-0.13
-0.22,-7.88,4.79,-0.37,0.26,-0.15
-0.46,-7.57,5.07,-0.27,0.16,-0.14
-0.47,-7.41,5.21,-0.18,0.13,-0.06
-0.87,-7.08,6.59,-0.03,-0.03,0.04
-0.80,-6.60,6.27,0.21,-0.36,0.30
-0.67,-6.93,6.17,0.36,-0.73,0.55
-0.26,-7.18,5.65,0.41,-1.25,0.93
0.45,-7.71,4.77,0.37,-1.50,1.12
0.83,-8.14,4.21,0.42,-1.53,1.14
1.22,-8.47,3.79,0.52,-1.33,0.95
1.44,-8.70,3.32,0.54,-0.73,0.57
1.20,-8.67,3.38,0.47,-0.17,0.18
1.06,-8.45,2.89,0.39,0.22,-0.15
0.83,-8.45,3.83,0.28,0.70,-0.41
0.30,-7.92,4.68,0.23,0.80,-0.49
0.07,-7.74,4.86,0.22,0.66,-0.43
-0.14,-7.60,5.02,0.19,0.53,-0.32
0.10,-7.69,4.88,0.15,0.32,-0.16
0.48,-7.95,4.56,0.18,0.19,-0.07
0.75,-8.48,3.97,0.21,0.10,-0.01
1.26,-9.32,3.00,0.05,0.03,-0.01
1.90,-10.14,1.75,-0.26,0.29,-0.14
2.17,-10.36,0.46,-0.72,0.68,-0.37
2.20,-10.43,0.84,-1.25,1.13,-0.62
2.02,-10.07,1.04,-1.60,1.53,-0.97
1.61,-9.69,1.30,-1.78,1.86,-1.30
0.53,-9.11,1.76,-2.01,1.89,-1.46
0.14,-9.17,2.68,-2.33,1.96,-1.28
-3.49,-7.53,8.92,-2.60,1.61,-0.97
-4.98,-6.42,11.16,-1.84,-0.96,0.10
-3.28,-9.36,8.64,-1.14,-2.69,-0.33
-2.84,-8.37,6.17,-0.45,-2.51,-0.51
-3.00,-7.76,5.08,-0.26,-2.48,-0.35
-1.99,-8.07,4.13,-0.05,-2.06,-0.05
-1.04,-8.70,3.42,0.14,-1.31,0.27
-0.59,-9.53,3.36,0.21,-0.60,0.59
-0.31,-10.38,3.41,-0.12,-0.20,1.06
1.31,-11.81,1.82,-0.51,0.48,1.39
2.24,-12.50,1.70,-0.71,2.02,1.24
2.46,-12.00,-2.20,-0.90,4.10,0.78
1.84,-7.90,-2.60,-1.29,6.44,0.22
-0.10,-4.31,-0.64,-0.58,8.12,-0.30
-1.72,-2.64,-1.36,0.12,8.73,-0.14
-1.39,-4.92,-1.86,-0.03,8.65,0.30
0.08,-9.79,-1.07,-0.54,7.84,0.16
-0.69,-13.05,-0.16,-0.98,6.70,-0.32
-0.39,-14.26,-0.03,-1.55,5.39,-0.79
-0.51,-14.07,0.25,-2.09,4.05,-1.22
-0.59,-13.05,0.82,-2.39,2.87,-1.49
-0.62,-12.09,1.41,-2.32,1.83,-1.85
-1.65,-9.52,1.37,-2.24,0.87,-2.25
-3.01,-7.29,1.92,-1.99,0.07,-2.24
-3.97,-6.39,2.21,-1.65,-0.60,-1.98
-4.29,-6.67,2.04,-1.23,-1.05,-1.54
-4.10,-7.70,1.75,-0.73,-0.98,-1.06
-3.72,-8.46,0.85,-0.30,-0.68,-0.63
-3.31,-8.93,0.14,-0.04,-0.15,-0.21
aX,aY,aZ,gX,gY,gZ
-2.11,-8.93,11.08,-2.64,-1.04,-0.43
-1.78,-9.08,11.39,-2.41,-0.83,-0.21
-1.25,-9.12,11.68,-2.14,-0.62,0.01
-0.38,-9.05,11.83,-1.87,-0.47,0.19
0.69,-8.98,11.89,-1.58,-0.32,0.27
1.67,-8.87,11.89,-1.27,-0.15,0.22
2.28,-8.71,11.73,-0.94,0.03,0.07
2.49,-8.45,11.41,-0.61,0.23,-0.14
2.35,-8.14,10.94,-0.29,0.46,-0.36
1.99,-7.85,10.38,0.02,0.71,-0.54
1.45,-7.58,9.76,0.28,0.93,-0.70
0.78,-7.27,9.17,0.50,1.10,-0.79
0.15,-6.93,8.56,0.69,1.20,-0.80
-0.31,-6.70,7.84,0.88,1.29,-0.75
-0.60,-6.65,7.16,1.05,1.36,-0.65
-0.71,-6.63,6.53,1.18,1.38,-0.52
-0.81,-7.95,8.67,1.28,1.33,-0.40
-0.47,-6.85,9.16,1.78,1.14,-0.32
-0.02,-6.62,7.52,2.14,0.85,-0.32
0.39,-6.75,6.89,2.37,0.66,-0.40
0.45,-7.08,7.04,2.43,0.55,-0.50
0.47,-6.35,6.54,2.46,0.69,-0.57
0.40,-5.73,6.91,2.48,0.69,-0.66
0.70,-6.02,7.32,2.50,0.51,-0.83
0.40,-5.84,7.31,2.45,0.24,-1.20
-0.39,-5.27,6.39,2.38,0.39,-1.29
-0.60,-5.64,7.42,2.22,0.48,-1.14
-0.43,-5.76,7.57,1.96,0.32,-1.00
-0.01,-5.65,7.32,1.64,0.18,-0.88
0.48,-5.22,5.74,1.37,0.37,-0.83
0.74,-5.62,7.24,1.47,0.77,-0.90
0.36,-5.47,7.16,1.92,0.66,-1.14
-0.26,-5.45,7.55,2.23,0.41,-0.79
0.49,-6.02,7.69,1.89,0.25,-0.37
0.68,-5.34,7.74,1.50,0.21,-0.22
0.58,-4.46,7.88,1.33,0.21,-0.32
0.28,-4.08,7.85,1.44,0.23,-0.54
0.07,-3.98,7.62,1.78,0.21,-0.80
-0.34,-4.64,6.80,2.30,0.28,-1.15
-0.20,-3.31,8.00,2.58,0.19,-1.10
-0.07,-1.54,9.05,2.04,0.16,-0.82
0.10,-0.92,9.26,1.07,0.12,-0.45
0.34,-1.12,8.87,0.40,0.10,-0.18
0.25,-0.97,8.57,0.25,0.12,-0.09
-0.04,-0.73,8.77,0.31,0.05,-0.08
0.08,-0.64,8.85,0.26,0.05,-0.09
0.16,-0.74,8.79,0.12,0.05,-0.06
0.16,-0.74,8.72,0.06,0.04,-0.03
0.14,-0.78,8.73,0.05,0.04,-0.03
0.16,-0.81,8.74,0.03,0.04,-0.02
0.15,-0.87,8.72,0.02,0.04,-0.02
0.13,-0.91,8.71,0.02,0.04,-0.03
0.13,-0.93,8.71,0.01,0.04,-0.04
0.15,-0.93,8.71,0.01,0.04,-0.05
0.14,-0.89,8.71,0.01,0.04,-0.05
0.14,-0.88,8.73,0.01,0.04,-0.06
0.15,-0.86,8.73,0.00,0.04,-0.06
0.14,-0.86,8.71,0.00,0.04,-0.06
0.14,-0.87,8.71,0.00,0.04,-0.06
0.16,-0.87,8.71,0.00,0.04,-0.05
0.15,-0.87,8.71,0.00,0.05,-0.04
0.15,-0.91,8.68,0.01,0.04,-0.04
0.14,-0.93,8.66,0.05,0.04,-0.03
0.15,-0.90,8.69,0.08,0.04,-0.03
0.15,-0.86,8.72,0.08,0.04,-0.03
0.16,-0.84,8.72,0.07,0.04,-0.02
0.15,-0.85,8.71,0.07,0.04,-0.02
0.15,-0.85,8.71,0.07,0.04,-0.02
0.14,-0.83,8.72,0.08,0.04,-0.02
0.14,-0.81,8.71,0.07,0.04,-0.02
0.14,-0.80,8.71,0.07,0.04,-0.02
0.14,-0.80,8.71,0.07,0.04,-0.02
0.14,-0.79,8.72,0.07,0.04,-0.02
0.13,-0.78,8.72,0.07,0.04,-0.02
0.14,-0.77,8.73,0.07,0.04,-0.02
0.15,-0.75,8.73,0.06,0.04,-0.02
0.15,-0.73,8.74,0.05,0.04,-0.02
0.14,-0.72,8.75,0.04,0.04,-0.02
0.14,-0.72,8.75,0.03,0.04,-0.02
0.14,-0.71,8.76,0.02,0.04,-0.02
0.14,-0.71,8.75,0.01,0.04,-0.02
0.15,-0.71,8.75,0.01,0.04,-0.01
0.15,-0.72,8.75,0.00,0.04,-0.01
0.14,-0.72,8.73,-0.00,0.04,-0.01
0.14,-0.71,8.73,-0.01,0.05,-0.01
0.14,-0.72,8.73,-0.01,0.05,-0.01
0.14,-0.74,8.74,-0.02,0.04,-0.00
0.14,-0.74,8.74,-0.03,0.04,-0.00
0.15,-0.73,8.73,-0.03,0.04,-0.00
0.15,-0.74,8.72,-0.04,0.04,0.00
0.15,-0.72,8.71,-0.04,0.04,0.00
0.15,-0.73,8.71,-0.04,0.04,0.00
0.15,-0.73,8.72,-0.04,0.05,0.00
0.15,-0.74,8.72,-0.04,0.04,0.00
0.14,-0.74,8.72,-0.03,0.04,-0.00
0.14,-0.74,8.72,-0.03,0.05,-0.00
0.13,-0.75,8.73,-0.03,0.05,-0.00
0.14,-0.76,8.73,-0.03,0.05,-0.01
0.14,-0.75,8.73,-0.03,0.05,-0.01
0.14,-0.74,8.73,-0.03,0.05,-0.01
0.15,-0.74,8.73,-0.02,0.04,-0.01
0.16,-0.74,8.73,-0.02,0.04,-0.01
0.16,-0.74,8.73,-0.02,0.04,-0.01
0.15,-0.74,8.73,-0.01,0.04,-0.01
0.15,-0.75,8.73,-0.01,0.04,-0.01
0.14,-0.75,8.73,-0.01,0.04,-0.01
0.14,-0.74,8.73,-0.01,0.04,-0.01
0.14,-0.75,8.72,-0.01,0.04,-0.01
0.14,-0.75,8.72,-0.01,0.04,-0.01
0.15,-0.75,8.73,-0.01,0.04,-0.01
0.14,-0.75,8.73,-0.01,0.04,-0.01
0.14,-0.77,8.73,-0.01,0.04,-0.01
0.14,-0.80,8.70,0.02,0.04,-0.01
0.14,-0.77,8.72,0.05,0.04,-0.01
0.15,-0.72,8.75,0.04,0.04,-0.01
0.14,-0.71,8.74,0.02,0.04,-0.01
0.14,-0.72,8.74,0.02,0.04,-0.01
0.14,-0.72,8.72,0.01,0.04,-0.00
0.14,-0.71,8.73,0.01,0.04,-0.00
0.15,-0.71,8.73,0.01,0.04,-0.00
0.14,-0.70,8.73,0.01,0.04,-0.00
0.14,-0.70,8.72,0.01,0.04,-0.00
0.14,-0.70,8.74,0.01,0.04,-0.00
0.15,-0.70,8.74,0.01,0.04,-0.00
0.15,-0.69,8.74,0.00,0.04,-0.00
0.15,-0.70,8.73,-0.00,0.04,-0.00
0.15,-0.70,8.73,-0.01,0.04,-0.00
0.14,-0.71,8.72,-0.01,0.04,-0.00
0.14,-0.71,8.73,-0.01,0.04,-0.00
0.14,-0.71,8.72,-0.01,0.04,-0.00
0.14,-0.70,8.72,-0.01,0.04,-0.00
0.14,-0.70,8.73,-0.01,0.04,-0.00
0.14,-0.71,8.73,-0.01,0.04,-0.00
0.14,-0.71,8.72,-0.01,0.04,-0.01
0.14,-0.71,8.73,-0.01,0.04,-0.01
0.14,-0.71,8.73,-0.02,0.04,-0.01
0.14,-0.71,8.74,-0.02,0.04,-0.01
0.14,-0.70,8.73,-0.02,0.04,-0.01
0.13,-0.71,8.73,-0.02,0.04,-0.01
0.13,-0.71,8.73,-0.02,0.04,-0.01
0.14,-0.71,8.73,-0.01,0.04,-0.01
0.14,-0.71,8.74,-0.02,0.04,-0.01
0.15,-0.71,8.73,-0.01,0.04,-0.01
0.15,-0.71,8.73,-0.01,0.04,-0.01
0.15,-0.70,8.73,-0.01,0.04,-0.01
0.15,-0.70,8.74,-0.01,0.04,-0.01
0.14,-0.70,8.73,-0.01,0.04,-0.01
0.14,-0.70,8.73,-0.01,0.04,-0.01
0.14,-0.71,8.73,-0.01,0.04,-0.01
0.14,-0.72,8.74,-0.01,0.04,-0.01
0.14,-0.71,8.73,-0.01,0.04,-0.01
0.14,-0.71,8.73,-0.01,0.04,-0.00
0.14,-0.71,8.72,-0.01,0.04,-0.00
0.14,-0.71,8.73,-0.01,0.04,-0.00
0.15,-0.71,8.72,-0.01,0.04,-0.00
0.16,-0.70,8.73,-0.01,0.04,-0.00
0.15,-0.71,8.73,-0.01,0.04,-0.00
0.14,-0.70,8.73,-0.01,0.04,-0.00
0.15,-0.70,8.73,-0.01,0.04,-0.00
0.14,-0.70,8.73,-0.01,0.04,-0.00
0.14,-0.70,8.74,-0.01,0.04,-0.00
0.14,-0.71,8.73,-0.01,0.04,-0.00
0.15,-0.71,8.74,-0.01,0.04,-0.00
0.15,-0.71,8.74,-0.01,0.04,-0.00
0.15,-0.71,8.74,-0.01,0.04,-0.00
0.15,-0.71,8.74,-0.01,0.04,-0.00
0.15,-0.71,8.74,-0.01,0.04,-0.00
0.15,-0.71,8.73,-0.01,0.04,-0.00
0.14,-0.71,8.74,-0.01,0.04,-0.00
0.14,-0.71,8.74,-0.01,0.04,-0.00
0.14,-0.72,8.73,-0.01,0.04,-0.00
0.14,-0.71,8.73,-0.01,0.04,-0.00
0.14,-0.71,8.72,-0.01,0.04,-0.00
0.14,-0.71,8.72,-0.01,0.04,-0.00
0.14,-0.71,8.72,-0.01,0.04,-0.00
0.15,-0.71,8.71,-0.01,0.04,-0.00
0.15,-0.71,8.72,-0.01,0.04,-0.00
0.15,-0.71,8.71,-0.01,0.04,-0.00
0.14,-0.71,8.73,-0.01,0.04,-0.00
0.14,-0.70,8.73,-0.01,0.04,-0.00
0.14,-0.70,8.73,-0.01,0.04,-0.00
0.15,-0.70,8.73,-0.01,0.04,-0.00
0.15,-0.70,8.73,-0.01,0.04,-0.00
0.15,-0.71,8.72,-0.01,0.04,-0.00
0.15,-0.71,8.73,-0.01,0.04,-0.01
0.15,-0.71,8.72,-0.01,0.04,-0.01
0.15,-0.70,8.72,-0.01,0.04,-0.00
0.15,-0.70,8.73,-0.01,0.04,-0.00
0.15,-0.71,8.72,-0.01,0.04,-0.00
0.15,-0.70,8.73,-0.01,0.04,-0.00
0.15,-0.71,8.73,-0.01,0.04,-0.00
0.14,-0.70,8.73,-0.01,0.04,-0.00
0.14,-0.70,8.72,-0.01,0.04,-0.00
0.15,-0.70,8.72,-0.01,0.04,-0.00
0.14,-0.70,8.71,-0.01,0.04,-0.00
0.14,-0.70,8.72,-0.01,0.04,-0.00
0.14,-0.70,8.73,-0.01,0.04,-0.00
0.14,-0.71,8.73,-0.01,0.04,-0.00
0.14,-0.71,8.73,-0.01,0.04,-0.00
0.14,-0.70,8.73,-0.01,0.04,-0.00
0.14,-0.70,8.75,-0.01,0.04,-0.00
0.14,-0.70,8.74,-0.01,0.04,-0.00
0.14,-0.70,8.74,-0.01,0.04,-0.00
0.13,-0.70,8.73,-0.01,0.04,-0.00
0.13,-0.69,8.73,-0.01,0.04,-0.00
0.14,-0.69,8.72,-0.01,0.04,-0.00
0.14,-0.70,8.72,-0.01,0.04,-0.00
0.14,-0.70,8.72,-0.01,0.04,-0.00
0.14,-0.71,8.72,-0.01,0.04,-0.00
0.14,-0.71,8.73,-0.01,0.04,-0.00
0.13,-0.71,8.72,-0.01,0.04,-0.00
0.14,-0.70,8.71,-0.01,0.04,-0.00
0.15,-0.70,8.72,-0.01,0.04,-0.00
0.15,-0.71,8.72,-0.01,0.04,-0.00
0.15,-0.71,8.72,-0.01,0.04,-0.00
0.15,-0.71,8.73,-0.01,0.04,-0.00
0.14,-0.70,8.73,-0.01,0.04,-0.01
0.15,-0.71,8.73,-0.01,0.04,-0.01
0.14,-0.71,8.73,-0.01,0.04,-0.00
0.14,-0.70,8.73,-0.01,0.04,-0.00
0.14,-0.70,8.74,-0.01,0.04,-0.00
0.15,-0.70,8.74,-0.01,0.04,-0.00
0.14,-0.70,8.73,-0.01,0.04,-0.00
0.14,-0.70,8.72,-0.01,0.04,-0.00
0.15,-0.70,8.72,-0.01,0.04,-0.00
0.14,-0.70,8.72,-0.01,0.04,-0.00
0.14,-0.70,8.72,-0.01,0.04,-0.00
0.14,-0.70,8.73,-0.01,0.04,-0.00
0.14,-0.70,8.72,-0.01,0.04,-0.00
0.14,-0.70,8.72,-0.01,0.04,-0.00
0.14,-0.70,8.72,-0.01,0.04,-0.00
0.14,-0.70,8.72,-0.01,0.04,-0.00
0.14,-0.70,8.73,-0.01,0.04,-0.00
0.14,-0.70,8.73,-0.01,0.04,-0.00
0.13,-0.70,8.73,-0.01,0.04,-0.00
0.13,-0.70,8.73,-0.01,0.04,-0.00
0.14,-0.70,8.73,-0.01,0.04,-0.00
0.14,-0.70,8.73,-0.01,0.04,-0.00
0.14,-0.71,8.73,-0.01,0.04,-0.00
0.14,-0.71,8.73,-0.01,0.04,-0.00
0.14,-0.71,8.73,-0.01,0.04,-0.00
0.14,-0.70,8.73,-0.01,0.04,-0.00
0.14,-0.70,8.72,-0.01,0.04,-0.00
0.14,-0.70,8.73,-0.01,0.04,-0.00
0.14,-0.71,8.73,-0.01,0.04,-0.00
0.14,-0.70,8.73,-0.01,0.04,-0.00
0.15,-0.71,8.72,-0.01,0.04,-0.00
0.14,-0.70,8.72,-0.01,0.04,-0.00
0.14,-0.70,8.73,-0.01,0.04,-0.00
0.15,-0.70,8.72,-0.01,0.04,-0.00
0.14,-0.70,8.73,-0.01,0.04,-0.00
0.14,-0.70,8.73,-0.01,0.04,-0.00
0.13,-0.70,8.73,-0.01,0.04,-0.00
0.14,-0.71,8.73,-0.01,0.04,-0.00
0.14,-0.70,8.73,-0.01,0.04,-0.00
0.14,-0.70,8.74,-0.01,0.04,-0.00
0.14,-0.71,8.73,-0.01,0.04,-0.00
0.14,-0.71,8.74,-0.01,0.04,-0.00
0.15,-0.71,8.74,-0.01,0.04,-0.00
0.14,-0.71,8.75,-0.01,0.04,-0.00
0.14,-0.70,8.75,-0.01,0.04,-0.00
0.14,-0.70,8.75,-0.01,0.04,-0.00
0.14,-0.69,8.75,-0.01,0.04,-0.00
0.14,-0.70,8.74,-0.01,0.04,-0.00
0.14,-0.70,8.73,-0.01,0.04,-0.00
0.14,-0.69,8.72,-0.01,0.04,-0.00
0.14,-0.70,8.73,-0.01,0.04,-0.00
0.14,-0.70,8.73,-0.01,0.04,-0.00
0.14,-0.70,8.72,-0.01,0.04,-0.00
0.14,-0.70,8.73,-0.01,0.04,-0.00
0.13,-0.70,8.73,-0.01,0.04,-0.00
0.13,-0.70,8.73,-0.01,0.04,-0.00
0.13,-0.70,8.73,-0.01,0.04,-0.00
0.13,-0.71,8.73,-0.01,0.04,-0.00
0.14,-0.70,8.73,-0.01,0.04,-0.00
0.15,-0.71,8.73,-0.01,0.04,-0.00
0.15,-0.70,8.73,-0.01,0.04,-0.00
0.15,-0.70,8.74,-0.01,0.04,-0.00
0.15,-0.70,8.74,-0.01,0.04,-0.00
0.15,-0.70,8.73,-0.01,0.04,-0.00
0.15,-0.71,8.73,-0.01,0.04,-0.00
0.14,-0.70,8.73,-0.01,0.04,-0.00
0.14,-0.70,8.72,-0.01,0.04,-0.00
0.14,-0.69,8.73,-0.01,0.04,-0.00
0.14,-0.69,8.72,-0.01,0.04,-0.00
0.15,-0.69,8.72,-0.01,0.04,-0.00
0.14,-0.68,8.73,-0.01,0.04,-0.00
0.14,-0.69,8.72,-0.01,0.04,-0.00
0.15,-0.69,8.73,-0.01,0.04,-0.00
0.14,-0.70,8.73,-0.01,0.04,-0.00
0.14,-0.69,8.73,-0.01,0.04,-0.00
0.14,-0.69,8.73,-0.01,0.04,-0.00
0.15,-0.70,8.73,-0.01,0.04,-0.00
0.15,-0.69,8.73,-0.01,0.04,-0.00
0.15,-0.69,8.73,-0.01,0.04,-0.00
0.15,-0.69,8.72,-0.01,0.04,-0.00
0.15,-0.69,8.72,-0.01,0.04,-0.00
0.15,-0.69,8.73,-0.01,0.04,-0.00
0.15,-0.69,8.73,-0.01,0.04,-0.00
0.14,-0.69,8.72,-0.01,0.04,-0.00
aX,aY,aZ,gX,gY,gZ
1.35,-1.25,13.04,2.29,-3.56,2.17
2.28,-1.99,11.69,2.64,-3.17,2.26
3.16,-2.15,10.55,2.82,-2.78,2.18
3.94,-1.82,9.92,2.87,-2.51,1.98
4.38,-1.24,9.63,2.85,-2.48,1.75
4.74,-0.74,9.39,2.81,-2.67,1.53
5.06,-0.70,9.00,2.80,-2.91,1.30
5.16,-0.81,8.04,2.75,-3.02,1.04
4.64,-0.82,7.02,2.62,-2.87,0.78
3.95,-0.79,6.40,2.45,-2.47,0.61
3.62,-0.68,6.52,2.31,-1.83,0.59
4.07,-0.21,6.64,2.31,-1.39,0.67
5.51,0.26,6.07,2.28,-1.26,0.72
6.73,0.60,5.84,2.17,-1.20,0.65
7.11,0.76,5.60,2.08,-1.19,0.51
6.83,0.85,5.24,1.98,-1.24,0.37
6.29,0.99,4.86,1.85,-1.27,0.29
5.94,1.15,4.57,1.74,-1.22,0.23
5.87,1.19,4.21,1.67,-1.17,0.21
6.12,0.93,3.19,1.54,-1.13,0.23
6.22,0.82,2.56,1.31,-0.98,0.18
6.28,1.05,2.50,1.06,-0.86,0.09
6.40,1.42,2.72,0.88,-0.76,-0.01
6.22,1.94,3.14,0.78,-0.67,-0.05
6.15,2.56,3.53,0.73,-0.61,-0.02
6.37,3.02,3.87,0.75,-0.56,0.02
6.67,3.31,3.84,0.78,-0.53,0.03
7.05,3.37,3.64,0.79,-0.51,0.05
7.46,3.38,3.40,0.77,-0.53,0.05
7.86,3.26,2.95,0.73,-0.57,0.00
8.20,3.18,2.40,0.63,-0.54,-0.08
8.22,3.29,2.01,0.48,-0.43,-0.23
7.92,3.47,1.96,0.28,-0.24,-0.37
7.57,3.79,2.15,0.09,0.04,-0.47
7.24,4.08,2.66,-0.08,0.32,-0.54
7.31,4.24,3.55,-0.19,0.47,-0.60
7.79,4.45,4.11,-0.22,0.45,-0.66
7.64,4.56,4.64,-0.16,0.35,-0.69
4.53,4.44,6.36,0.25,0.36,-0.24
4.09,4.81,5.80,0.62,0.21,0.34
4.72,4.70,4.93,0.74,0.10,0.68
5.66,4.59,4.19,0.62,0.10,0.75
6.58,4.78,4.37,0.40,0.14,0.68
7.09,4.88,4.73,0.19,0.10,0.55
7.41,4.72,4.81,0.01,-0.03,0.40
7.46,4.30,4.22,-0.17,-0.10,0.24
7.18,4.15,4.16,-0.30,-0.12,0.06
7.06,4.26,3.93,-0.32,-0.01,-0.11
7.85,3.95,3.99,-0.25,0.20,-0.33
8.08,4.10,4.03,-0.06,0.46,-0.79
6.54,4.73,3.73,0.05,0.55,-0.95
6.01,5.25,3.51,0.03,0.54,-0.93
6.15,5.45,3.93,-0.01,0.44,-0.90
5.97,5.51,4.23,0.03,0.34,-0.88
5.70,5.60,4.06,0.08,0.23,-0.81
5.71,5.57,3.86,0.11,0.06,-0.73
5.66,5.43,3.76,0.12,-0.12,-0.66
5.49,5.43,3.29,0.13,-0.21,-0.60
5.70,5.51,2.69,0.06,-0.16,-0.57
5.86,5.15,3.24,-0.02,-0.11,-0.60
5.89,5.17,3.73,0.03,-0.07,-0.64
5.73,5.50,3.65,0.09,-0.04,-0.65
5.49,5.54,3.87,0.03,-0.08,-0.62
5.29,5.64,3.79,-0.04,-0.13,-0.56
5.16,5.71,3.96,-0.12,-0.17,-0.46
5.44,5.74,4.32,-0.19,-0.28,-0.36
5.86,5.64,4.35,-0.19,-0.39,-0.30
5.79,5.53,4.28,-0.18,-0.50,-0.25
5.67,5.30,4.27,-0.14,-0.62,-0.20
5.49,5.10,4.00,-0.09,-0.69,-0.13
5.70,5.03,3.76,-0.06,-0.73,-0.07
6.03,5.15,3.66,-0.05,-0.69,-0.06
6.23,5.40,3.94,-0.01,-0.62,-0.04
6.55,5.57,3.89,0.04,-0.55,-0.04
6.77,5.66,3.74,0.06,-0.49,-0.05
6.92,5.66,3.73,0.09,-0.44,-0.06
6.85,5.79,3.94,0.12,-0.42,-0.03
6.99,5.76,3.96,0.18,-0.44,0.03
7.44,5.65,3.47,0.22,-0.44,0.09
7.85,5.65,3.01,0.18,-0.39,0.10
7.96,5.69,2.86,0.06,-0.34,0.09
7.99,5.75,2.96,-0.10,-0.31,0.06
8.15,5.62,3.03,-0.23,-0.31,0.04
7.56,5.89,3.28,-0.34,-0.38,-0.00
7.95,5.54,2.96,-0.35,-0.49,0.09
8.58,5.21,1.76,-0.47,-0.52,-0.03
8.35,5.13,1.39,-0.67,-0.46,-0.23
7.86,5.20,1.67,-0.83,-0.38,-0.36
7.44,5.42,1.98,-0.94,-0.31,-0.46
7.26,5.56,2.11,-1.05,-0.22,-0.52
7.24,5.38,2.38,-1.18,-0.07,-0.63
6.90,5.28,2.76,-1.25,0.08,-0.74
6.32,5.18,3.34,-1.27,0.14,-0.77
6.10,4.94,3.65,-1.22,0.11,-0.71
6.03,4.83,3.67,-1.15,0.05,-0.61
6.09,5.05,3.70,-1.09,-0.05,-0.49
7.07,4.65,3.16,-1.10,-0.08,-0.44
7.81,4.67,3.10,-1.18,-0.05,-0.51
8.08,5.18,4.02,-1.21,-0.10,-0.60
8.26,5.83,5.17,-1.12,-0.28,-0.67
8.34,6.32,5.87,-0.96,-0.49,-0.71
8.30,6.50,5.90,-0.76,-0.68,-0.73
8.20,6.13,5.55,-0.59,-0.78,-0.79
8.08,5.39,4.90,-0.45,-0.81,-0.86
7.47,4.87,4.12,-0.35,-0.80,-0.94
6.45,4.65,3.71,-0.32,-0.83,-0.92
5.95,4.28,3.24,-0.36,-0.86,-0.87
5.74,3.99,3.13,-0.44,-0.81,-0.83
5.79,3.87,3.26,-0.50,-0.71,-0.83
5.63,4.06,3.35,-0.57,-0.61,-0.85
5.94,4.24,3.34,-0.68,-0.54,-0.81
6.14,4.26,3.49,-0.76,-0.52,-0.78
6.36,4.25,3.24,-0.82,-0.54,-0.74
6.50,4.48,2.98,-0.92,-0.58,-0.71
6.69,4.64,3.46,-0.93,-0.63,-0.68
6.98,5.05,3.57,-0.89,-0.69,-0.63
7.45,5.36,3.64,-0.86,-0.77,-0.58
7.84,5.45,3.68,-0.86,-0.88,-0.55
8.13,5.30,3.15,-0.92,-1.14,-0.51
7.93,5.35,3.95,-0.93,-1.24,-0.41
7.77,5.90,4.87,-0.81,-1.25,-0.35
8.04,6.41,5.45,-0.67,-1.21,-0.36
8.44,6.76,5.89,-0.50,-1.12,-0.42
8.32,6.95,5.95,-0.27,-1.07,-0.46
8.07,6.63,5.23,-0.07,-1.02,-0.48
7.71,5.92,4.00,0.05,-0.92,-0.50
7.35,5.08,2.52,0.11,-0.75,-0.55
6.84,4.68,1.36,0.10,-0.58,-0.62
6.53,4.64,0.94,0.03,-0.48,-0.62
6.55,5.00,1.08,-0.03,-0.45,-0.58
6.49,6.42,1.52,-0.05,-0.38,-0.44
7.09,6.61,2.29,-0.13,-0.34,-0.30
7.19,7.17,2.37,-0.12,-0.29,-0.25
6.62,7.04,3.34,-0.09,-0.21,-0.13
6.09,6.96,3.67,0.06,-0.12,0.02
5.96,6.73,3.87,0.21,0.00,0.15
6.54,6.03,4.06,0.33,0.02,0.30
6.97,5.79,3.79,0.47,-0.03,0.35
6.93,5.58,3.15,0.57,-0.10,0.43
6.78,5.38,1.94,0.56,-0.09,0.53
6.95,5.13,0.13,0.37,0.04,0.57
6.92,4.81,-0.26,0.04,0.27,0.48
6.81,4.88,0.03,-0.22,0.44,0.38
6.75,5.04,0.36,-0.39,0.54,0.32
7.16,5.17,0.88,-0.57,0.59,0.26
7.38,5.33,1.70,-0.73,0.62,0.19
7.63,5.45,2.60,-0.86,0.60,0.09
7.68,5.66,3.65,-0.91,0.50,0.01
7.96,5.49,3.96,-0.89,0.33,-0.08
7.85,5.11,4.01,-0.82,0.16,-0.18
7.43,4.94,3.79,-0.75,-0.01,-0.26
6.36,4.85,3.21,-0.73,-0.22,-0.24
6.34,4.51,2.42,-0.75,-0.42,-0.15
6.10,4.23,2.10,-0.76,-0.51,-0.04
7.42,4.59,2.92,-0.65,-0.40,-0.03
7.99,5.40,2.98,-0.53,-0.18,-0.18
7.64,5.82,2.92,-0.63,-0.03,-0.26
7.68,5.80,2.35,-0.86,0.02,-0.28
8.04,5.32,2.10,-1.12,0.06,-0.35
7.98,4.90,2.08,-1.39,0.14,-0.47
7.19,4.75,2.71,-1.50,0.17,-0.53
6.36,4.81,2.98,-1.54,0.14,-0.47
5.36,4.67,3.18,-1.59,0.04,-0.30
5.51,4.43,3.62,-1.56,-0.08,-0.07
5.96,4.36,4.16,-1.43,-0.17,0.09
6.75,4.41,4.41,-1.25,-0.26,0.20
7.27,4.76,4.88,-1.07,-0.33,0.26
7.17,5.35,5.55,-0.83,-0.40,0.32
7.38,5.59,5.72,-0.58,-0.48,0.39
7.72,5.47,5.45,-0.30,-0.47,0.42
7.85,5.16,4.98,-0.06,-0.45,0.42
8.06,4.76,4.28,0.09,-0.40,0.39
8.19,4.38,4.11,0.18,-0.33,0.32
8.20,4.64,4.67,0.23,-0.24,0.27
7.67,5.07,5.19,0.28,-0.16,0.22
7.58,5.20,5.61,0.23,-0.09,0.26
7.59,5.13,5.82,0.25,0.04,0.23
7.39,5.02,5.94,0.25,0.06,0.26
7.83,4.74,5.42,0.23,-0.05,0.34
8.29,4.20,4.42,0.14,-0.09,0.32
8.07,4.10,3.82,0.04,-0.02,0.32
7.85,3.67,3.57,-0.08,0.05,0.30
7.87,3.42,3.43,-0.13,0.16,0.23
7.75,3.20,3.30,-0.15,0.25,0.13
7.61,3.03,3.45,-0.15,0.26,0.04
7.38,3.02,3.56,-0.10,0.16,-0.00
7.31,3.08,3.54,-0.08,-0.06,-0.03
7.13,3.11,3.45,-0.09,-0.32,-0.03
7.14,2.99,3.13,-0.12,-0.51,0.04
7.56,2.82,2.49,-0.16,-0.53,0.00
7.74,2.69,1.78,-0.21,-0.22,-0.13
6.88,2.82,1.51,-0.39,0.28,-0.13
7.61,3.14,2.30,-0.52,0.71,-0.10
8.46,3.38,3.84,-0.47,0.89,-0.22
8.66,3.68,5.16,-0.25,0.79,-0.19
8.07,3.73,5.02,0.55,0.18,-0.21
8.44,4.40,5.24,0.20,-0.01,0.03
8.06,4.32,6.02,0.48,-0.05,0.05
7.54,4.10,4.24,0.46,-0.05,0.08
7.91,3.89,4.04,0.32,-0.00,0.11
7.82,3.61,3.13,0.16,0.07,0.11
7.77,3.58,2.81,-0.05,0.14,0.15
7.80,3.58,3.20,-0.25,0.20,0.19
7.97,3.75,3.88,-0.32,0.25,0.18
7.22,3.99,4.66,-0.29,0.26,0.23
3.84,3.94,3.52,-0.28,0.18,0.61
7.56,2.65,1.75,-0.60,0.30,1.06
8.52,2.64,2.05,-0.70,0.75,0.70
7.71,2.79,2.42,-0.77,1.04,0.42
7.77,3.09,3.48,-0.86,1.11,0.39
9.23,3.25,4.54,-0.85,1.14,0.27
9.00,3.99,6.56,-0.71,1.00,0.09
8.37,4.14,7.78,-0.40,0.75,0.06
7.95,3.99,7.68,-0.04,0.57,0.11
7.25,3.68,6.69,0.17,0.45,0.20
6.16,3.06,5.39,0.19,0.29,0.38
5.87,2.64,4.56,0.09,0.25,0.56
5.99,2.38,4.00,-0.06,0.34,0.63
6.28,2.22,3.90,-0.24,0.53,0.65
6.79,2.28,4.41,-0.36,0.68,0.63
7.05,2.26,4.83,-0.41,0.78,0.57
7.03,2.19,5.00,-0.42,0.78,0.54
6.67,2.06,4.93,-0.42,0.70,0.53
6.17,1.81,4.38,-0.49,0.59,0.60
5.77,1.59,3.82,-0.65,0.46,0.74
5.61,1.47,3.61,-0.82,0.38,0.88
5.70,1.61,4.18,-0.98,0.41,1.01
5.63,1.91,5.34,-1.04,0.46,1.11
5.88,2.10,6.63,-0.95,0.59,1.21
6.39,2.26,7.59,-0.76,0.76,1.27
6.67,2.19,8.17,-0.53,0.87,1.32
7.47,1.74,8.12,-0.30,0.90,1.36
8.03,1.10,6.65,-0.15,0.93,1.31
7.90,0.37,5.15,-0.24,0.96,1.25
7.30,-0.18,3.90,-0.51,1.04,1.19
6.57,-0.53,3.26,-0.92,1.17,1.17
6.76,-0.70,4.35,-1.31,1.36,1.12
7.25,-0.39,5.98,-1.50,1.51,0.97
7.17,-0.12,7.84,-1.47,1.52,0.77
6.33,-0.10,8.95,-1.23,1.38,0.66
5.52,-0.23,9.01,-0.89,1.25,0.66
4.09,-0.20,8.76,-0.53,1.23,0.78
3.38,-0.41,7.86,-0.27,1.34,1.03
3.86,-0.55,7.52,-0.16,1.62,1.25
4.76,-0.60,8.53,-0.06,1.92,1.41
5.86,-0.43,9.94,0.14,2.01,1.47
7.77,-0.72,10.13,0.36,2.03,1.36
8.41,-1.53,10.76,0.78,2.28,1.03
7.25,-1.57,9.00,1.01,2.15,0.62
6.05,-1.76,8.88,0.92,1.67,0.32
7.30,-1.66,8.85,0.85,1.14,0.00
8.59,-1.73,8.19,0.65,0.89,-0.61
7.51,-1.93,8.58,0.48,0.57,-1.15
6.55,-1.64,8.17,0.39,0.01,-1.52
5.97,-1.22,8.27,0.29,-0.34,-1.78
5.28,-1.05,9.62,0.34,-0.76,-2.01
4.08,-0.13,9.81,0.56,-1.09,-2.13
-0.06,3.25,9.63,0.80,-1.52,-1.72
-2.87,3.14,1.70,0.91,-0.02,-0.66
-3.39,2.47,3.45,0.49,0.98,0.55
0.61,0.93,3.82,-0.08,1.00,1.22
3.36,-0.09,5.43,-0.53,1.14,1.40
5.08,-0.81,6.63,-0.86,1.27,1.28
5.88,-1.68,7.60,-1.17,1.42,1.01
6.00,-2.57,8.30,-1.45,1.40,0.70
5.88,-2.95,9.50,-1.59,1.36,0.34
4.90,-2.84,10.77,-1.48,1.26,-0.12
3.48,-2.37,11.07,-1.13,1.12,-0.47
2.45,-1.70,10.39,-0.70,1.03,-0.66
1.65,-0.47,9.33,-0.28,0.98,-0.65
1.80,0.08,7.77,-0.05,0.94,-0.50
2.37,0.09,6.81,-0.08,0.86,-0.40
2.51,0.00,6.79,-0.24,0.64,-0.33
-3.06,3.05,7.88,-0.65,0.04,-0.04
-5.52,2.42,9.88,-1.00,-1.06,0.96
-3.78,0.53,9.38,-0.78,-1.62,2.06
1.21,-2.30,6.11,-0.72,-1.65,2.42
4.43,-3.05,4.52,-0.65,-0.89,2.25
4.65,-2.99,4.81,-0.80,-0.23,2.02
4.55,-2.54,6.90,-1.07,0.03,1.96
5.49,-4.35,9.68,-1.20,-0.16,1.67
5.32,-4.12,11.63,-0.95,-0.43,1.23
5.02,-3.94,11.94,-0.64,-0.83,0.87
4.78,-4.02,11.48,-0.30,-1.09,0.58
4.75,-4.47,10.89,0.05,-1.23,0.26
4.79,-4.80,9.64,0.37,-1.22,-0.11
4.75,-4.59,7.77,0.61,-0.95,-0.45
4.56,-3.85,6.30,0.65,-0.42,-0.74
3.83,-2.77,6.12,0.61,0.21,-0.90
3.40,-1.85,6.52,0.59,0.75,-0.88
3.37,-1.17,7.01,0.47,1.08,-0.76
3.63,-0.42,7.80,0.42,1.29,-0.58
3.34,-0.07,8.53,0.40,1.49,-0.38
2.62,-0.45,9.62,0.37,1.47,-0.17
1.63,-0.91,10.31,0.47,1.24,0.07
1.61,-1.52,10.21,0.60,0.91,0.33
2.03,-2.35,9.55,0.69,0.66,0.45
2.39,-2.31,8.78,0.74,0.70,0.47
2.30,-1.70,8.41,0.78,0.97,0.42
1.95,-1.19,7.89,0.82,1.42,0.31
aX,aY,aZ,gX,gY,gZ
5.99,9.67,7.58,-0.25,-0.81,0.21
5.25,9.22,7.90,0.21,-0.40,0.25
4.19,7.90,6.79,0.76,0.13,0.28
3.89,7.06,5.10,1.14,0.34,0.26
4.31,6.83,3.62,1.26,0.38,0.13
4.86,6.99,2.50,1.11,0.27,-0.09
5.19,6.90,1.94,0.80,0.16,-0.28
5.47,6.37,1.93,0.42,0.11,-0.39
5.81,5.72,2.45,0.10,0.16,-0.42
6.13,5.13,3.20,-0.08,0.31,-0.42
6.17,4.68,4.02,-0.14,0.43,-0.42
6.46,4.12,4.12,-0.16,0.44,-0.40
6.60,3.78,4.43,-0.18,0.48,-0.41
6.78,3.62,4.65,-0.21,0.42,-0.45
7.10,3.57,4.97,-0.26,0.27,-0.52
7.24,3.55,5.35,-0.27,0.14,-0.64
7.00,3.68,5.56,-0.19,0.07,-0.78
6.45,4.15,5.45,-0.01,0.12,-0.95
5.82,5.10,5.20,0.25,0.33,-1.15
5.01,6.36,5.10,0.57,0.67,-1.39
3.85,7.55,5.29,0.93,1.04,-1.57
2.74,8.55,5.53,1.27,1.27,-1.57
1.96,9.64,5.73,1.58,1.38,-1.43
1.22,10.42,5.31,1.88,1.45,-1.24
0.38,10.68,4.38,2.18,1.59,-0.98
-0.13,10.33,2.92,2.41,1.81,-0.71
0.04,9.45,1.22,2.51,2.12,-0.53
-0.16,9.15,-0.28,2.36,2.58,-0.45
0.00,8.50,-1.70,1.82,2.79,-0.32
0.14,7.73,-2.36,1.01,3.06,-0.21
0.40,6.84,-2.11,0.12,3.47,-0.07
0.71,6.04,-1.00,-0.71,4.01,0.02
1.64,5.60,1.24,-1.68,4.22,0.13
4.03,4.22,3.30,-2.62,4.59,0.06
4.38,2.54,5.77,-3.04,4.89,-0.28
4.78,1.34,8.28,-3.12,4.54,-0.72
5.12,1.20,11.10,-2.81,3.93,-1.26
4.34,1.57,13.66,-1.95,3.20,-1.78
3.01,2.93,14.44,-0.66,2.67,-2.32
-0.03,5.72,14.41,0.89,2.33,-2.62
-3.06,7.46,12.00,2.29,1.83,-2.45
-4.54,8.05,7.83,3.18,1.67,-1.93
-4.43,8.26,4.51,3.37,1.68,-1.31
-3.86,8.77,2.23,3.02,1.49,-0.89
-3.51,9.11,0.80,2.37,1.02,-0.68
-4.32,10.01,-0.60,1.48,0.84,-0.46
-6.79,10.14,0.64,0.44,1.37,0.49
-7.56,9.47,3.79,-0.06,1.70,1.72
-5.69,8.72,5.33,-0.10,1.46,2.73
-2.22,7.45,5.12,-0.01,0.96,3.12
0.16,6.56,4.29,0.09,0.77,2.78
1.11,7.45,4.56,0.12,0.70,2.10
1.31,8.40,5.24,0.13,0.54,1.48
1.17,8.34,5.69,0.15,0.15,0.98
0.85,7.84,5.28,0.22,-0.30,0.59
0.10,7.36,3.60,-0.05,-0.04,0.51
-1.12,7.61,3.38,-0.18,0.42,0.60
-1.90,8.20,2.05,-0.10,0.81,0.78
-1.95,8.62,-0.21,-0.24,1.26,0.80
-2.46,9.49,-1.73,-0.67,1.93,0.82
-2.74,8.64,-1.01,-1.51,2.20,1.02
-2.56,8.62,2.19,-2.34,1.71,1.34
-0.79,8.00,5.05,-2.48,1.14,1.43
0.73,7.55,7.19,-1.97,1.16,1.15
0.20,7.21,7.82,-1.37,0.86,0.81
0.02,7.32,6.98,-0.96,0.13,0.59
0.33,7.74,5.44,-0.74,-0.62,0.36
0.02,7.64,3.83,-0.82,-1.10,0.22
-0.47,6.89,4.10,-1.18,-1.22,0.34
-0.05,6.58,4.58,-1.67,-1.68,0.57
0.48,6.84,4.99,-2.10,-1.95,0.77
1.12,7.22,5.30,-2.17,-1.61,0.86
1.30,6.86,5.69,-2.20,-1.09,0.90
1.54,6.67,6.45,-2.35,-1.20,0.92
1.71,6.79,6.89,-2.43,-1.63,0.86
2.09,6.69,6.24,-2.42,-1.58,0.80
2.17,6.26,6.12,-2.35,-0.58,0.80
1.50,5.95,7.66,-2.16,0.38,0.89
1.50,5.35,8.10,-1.93,0.84,0.99
1.96,4.77,8.12,-1.72,1.11,1.01
2.33,4.35,8.03,-1.53,1.16,0.90
2.28,4.07,7.73,-1.38,1.05,0.63
1.90,3.82,7.33,-1.22,0.92,0.35
1.48,3.62,6.93,-1.09,0.81,0.11
1.23,3.48,6.68,-0.96,0.75,-0.09
1.02,3.45,6.60,-0.81,0.74,-0.21
0.92,3.41,6.32,-0.65,0.82,-0.27
0.86,3.35,6.03,-0.52,0.97,-0.28
0.91,3.28,5.76,-0.41,1.17,-0.29
1.17,3.23,5.42,-0.33,1.45,-0.31
1.95,2.98,5.22,-0.32,1.82,-0.39
2.98,2.65,5.26,-0.37,2.07,-0.75
3.90,2.26,5.04,-0.49,2.24,-1.31
4.36,1.60,4.78,-0.70,2.40,-2.03
4.02,0.93,4.61,-0.98,2.47,-2.87
3.07,0.29,4.38,-1.33,2.53,-3.74
1.44,-0.47,4.47,-1.76,2.56,-4.54
-0.95,-0.85,5.00,-2.23,2.43,-5.08
-3.26,-1.49,5.75,-2.66,2.27,-5.34
-5.65,-1.65,6.94,-2.91,2.13,-5.41
-7.62,-1.53,8.02,-2.99,1.95,-5.13
-8.91,-1.52,8.69,-2.95,1.72,-4.60
-9.78,-1.28,9.11,-2.82,1.55,-3.88
-10.23,-1.23,9.31,-2.66,1.45,-3.03
-10.15,-1.45,9.31,-2.52,1.34,-2.17
-9.65,-1.85,9.30,-2.38,1.28,-1.42
-9.01,-2.19,9.45,-2.23,1.25,-0.81
-8.33,-2.37,9.83,-2.05,1.20,-0.31
-7.69,-2.50,10.39,-1.81,1.13,0.08
-7.07,-2.66,10.95,-1.49,1.00,0.36
-6.48,-2.95,11.37,-1.09,0.79,0.52
-5.90,-3.28,11.56,-0.64,0.49,0.54
-5.43,-3.56,11.52,-0.15,0.14,0.43
-5.10,-3.62,11.25,0.35,-0.22,0.22
-4.90,-3.49,10.70,0.83,-0.56,-0.02
-4.81,-3.26,9.92,1.26,-0.84,-0.25
-4.79,-2.86,9.07,1.60,-1.03,-0.45
-4.82,-2.33,8.20,1.84,-1.12,-0.59
-4.87,-1.80,7.31,1.97,-1.14,-0.67
-4.88,-1.30,6.40,1.98,-1.10,-0.68
-4.86,-0.80,5.59,1.88,-1.00,-0.65
-4.76,-0.42,4.89,1.67,-0.84,-0.57
-4.57,-0.17,4.32,1.38,-0.63,-0.47
-4.30,-0.04,3.96,1.03,-0.37,-0.39
-3.98,-0.09,3.80,0.65,-0.08,-0.34
-3.69,-0.32,3.81,0.26,0.20,-0.34
-3.42,-0.63,3.89,-0.12,0.47,-0.40
-3.32,-1.12,4.16,-0.48,0.73,-0.51
-3.53,-1.44,4.56,-0.83,0.87,-0.67
-3.96,-1.95,4.99,-1.15,0.97,-0.67
-4.08,-3.01,5.47,-1.34,1.07,-0.96
-4.43,-3.02,6.05,-1.49,1.24,-1.22
-4.86,-3.13,6.97,-1.56,1.30,-1.42
-5.36,-3.20,7.56,-1.54,1.19,-1.57
-5.87,-2.48,7.93,-1.43,1.12,-1.57
-6.19,-1.64,8.26,-1.26,1.02,-1.36
-6.29,-1.40,8.19,-1.10,0.85,-1.03
-6.35,-1.97,8.11,-0.94,0.70,-0.68
-6.40,-3.00,7.89,-0.77,0.53,-0.40
-6.41,-3.75,7.72,-0.60,0.44,-0.18
-6.37,-3.86,8.01,-0.44,0.39,-0.01
-6.13,-3.37,8.53,-0.25,0.32,0.14
-5.73,-2.85,9.09,-0.01,0.21,0.27
-5.27,-2.87,9.32,0.26,0.02,0.33
-4.82,-3.33,9.21,0.55,-0.19,0.31
-4.40,-3.88,8.78,0.82,-0.39,0.21
-4.10,-4.36,8.18,1.06,-0.57,0.04
-3.99,-4.61,7.50,1.24,-0.69,-0.15
-4.04,-4.40,6.94,1.36,-0.75,-0.34
-4.20,-3.52,6.53,1.42,-0.76,-0.48
-4.42,-2.43,6.10,1.40,-0.71,-0.53
-4.60,-1.79,5.52,1.27,-0.61,-0.49
-4.79,-1.61,5.02,1.04,-0.45,-0.40
-4.95,-1.74,4.78,0.76,-0.27,-0.29
-5.10,-1.96,4.68,0.47,-0.11,-0.19
-5.27,-2.22,4.76,0.19,0.04,-0.08
-5.47,-2.65,5.13,-0.04,0.16,0.01
-5.80,-3.66,6.03,-0.14,0.24,0.06
-5.98,-3.27,7.33,-0.11,0.17,0.19
-5.67,-2.50,8.15,0.05,-0.01,0.34
-5.19,-2.24,8.03,0.25,-0.20,0.46
-4.67,-2.09,7.58,0.38,-0.33,0.55
-4.13,-1.89,7.09,0.44,-0.43,0.57
-3.72,-1.51,6.39,0.43,-0.45,0.57
-3.64,-1.57,5.79,0.36,-0.46,0.49
-3.72,-2.02,5.49,0.27,-0.45,0.50
-3.85,-1.95,5.60,0.18,-0.48,0.46
-4.22,-1.29,6.07,0.11,-0.46,0.50
-4.36,-0.46,6.81,0.07,-0.47,0.51
-4.14,0.25,7.37,0.10,-0.51,0.46
-3.59,0.16,7.23,0.08,-0.53,0.38
-3.22,-0.26,7.17,0.01,-0.53,0.28
-2.86,-0.32,7.32,-0.07,-0.52,0.18
-2.63,-0.39,7.60,-0.10,-0.49,0.05
-2.61,-0.53,7.90,-0.10,-0.44,-0.10
-2.72,-0.68,8.26,-0.07,-0.40,-0.24
-2.92,-0.88,8.61,-0.00,-0.38,-0.38
-3.21,-1.14,8.87,0.09,-0.39,-0.52
-3.56,-1.49,9.04,0.20,-0.42,-0.63
-3.92,-1.78,9.11,0.33,-0.49,-0.71
-4.28,-1.94,9.07,0.48,-0.58,-0.73
-4.58,-2.04,8.85,0.63,-0.66,-0.69
-4.94,-1.98,8.61,0.75,-0.70,-0.58
-6.16,-1.29,8.04,0.73,-0.75,-0.10
-6.30,-1.10,7.39,0.61,-0.82,0.39
-6.10,-1.02,6.09,0.35,-0.71,0.87
-5.04,-1.49,3.95,-0.36,-0.70,1.27
-3.25,-2.41,1.81,-1.43,-0.60,1.27
-1.89,-2.80,1.18,-2.55,0.05,1.05
-1.68,-3.25,4.64,-3.18,1.34,0.84
-3.86,-4.65,13.04,-2.64,2.48,0.82
-5.96,-5.40,12.65,-2.15,1.88,0.88
-6.67,-4.27,10.58,-1.95,1.15,1.25
-5.66,-4.27,8.73,-1.91,1.07,1.64
-5.06,-4.57,7.82,-1.93,1.24,1.88
-4.66,-4.65,7.26,-1.94,1.25,2.09
-4.41,-4.09,6.65,-1.99,1.14,2.26
-4.17,-3.05,6.29,-2.03,1.15,2.33
-4.70,-1.76,6.30,-1.87,1.35,2.32
-5.90,-1.58,8.07,-1.81,1.30,2.35
-6.90,-3.07,10.30,-1.75,0.16,2.37
-7.30,-3.81,10.62,-1.54,-1.88,2.37
-6.54,-3.59,8.76,-1.30,-3.59,2.40
-4.80,-3.39,6.53,-1.15,-4.32,2.37
-3.14,-3.62,5.42,-1.08,-4.24,2.30
-2.05,-4.26,4.87,-1.09,-3.65,2.20
-1.78,-4.78,5.05,-1.14,-2.87,2.09
-1.93,-5.53,6.38,-1.15,-2.32,1.95
-2.57,-5.72,8.07,-1.03,-2.29,1.78
-4.04,-3.70,10.01,-0.72,-2.94,1.77
-4.07,-2.65,10.72,-0.20,-4.02,1.92
-2.92,-3.59,9.37,0.27,-4.60,1.80
-1.50,-4.43,7.38,0.57,-4.19,1.60
-0.50,-4.04,5.42,0.61,-3.13,1.61
0.61,-2.90,4.28,0.42,-1.85,1.78
1.98,-1.85,4.04,0.11,-0.63,1.79
3.10,-1.63,4.47,-0.19,0.58,1.49
3.28,-1.98,5.59,-0.35,1.67,0.93
2.68,-2.44,6.61,-0.41,2.39,0.29
1.62,-2.83,6.97,-0.40,2.87,-0.34
0.24,-2.99,7.10,-0.31,3.32,-0.85
-1.14,-2.96,7.56,-0.16,3.67,-1.26
-2.32,-3.11,8.31,0.10,3.81,-1.59
-3.29,-3.33,8.79,0.46,3.71,-1.85
-4.09,-3.40,8.45,0.83,3.51,-1.98
-4.56,-3.56,7.52,1.13,3.43,-2.02
-4.96,-3.62,6.76,1.35,3.49,-2.04
-5.45,-3.48,6.45,1.49,3.51,-2.05
-5.95,-3.40,6.35,1.62,3.41,-2.07
-6.64,-3.30,6.28,1.74,3.24,-2.08
-7.52,-3.05,6.36,1.88,3.00,-2.04
-8.43,-2.65,6.50,2.02,2.68,-1.90
-9.24,-2.10,6.61,2.17,2.30,-1.66
-9.77,-1.66,6.58,2.35,1.88,-1.31
-9.96,-1.53,6.35,2.54,1.51,-0.93
-10.02,-1.18,6.28,2.72,1.11,-0.57
-9.76,-0.66,6.03,2.83,0.58,-0.14
-9.26,-0.58,5.58,2.80,0.04,0.31
-8.27,0.07,5.05,2.67,-0.41,0.79
-5.91,0.01,3.72,2.45,-0.35,1.29
-3.31,0.04,3.21,2.06,0.01,1.47
-0.50,-0.09,2.77,1.58,0.32,1.06
0.18,-0.27,2.63,1.08,0.60,0.24
-1.32,-0.36,3.21,0.55,0.65,-0.61
-3.75,-0.20,4.84,0.06,0.35,-1.18
-5.68,-0.06,5.88,-0.30,-0.37,-1.42
-6.84,-0.38,5.92,-0.53,-0.70,-1.40
-7.85,-0.70,6.84,-0.62,-0.65,-1.17
-8.45,-0.95,8.23,-0.58,-0.76,-0.80
-8.34,-1.20,9.10,-0.40,-1.11,-0.38
-7.62,-1.31,9.08,-0.12,-1.45,-0.04
-6.53,-1.41,8.17,0.19,-1.47,0.20
-5.63,-1.42,7.48,0.45,-1.23,0.30
-4.98,-1.24,7.14,0.65,-1.04,0.28
-4.50,-1.04,6.82,0.77,-1.01,0.12
-4.18,-0.88,6.23,0.83,-0.97,-0.09
-4.08,-0.83,5.62,0.80,-0.86,-0.29
-4.10,-0.66,5.38,0.65,-0.83,-0.48
-4.31,-0.61,5.44,0.42,-1.02,-0.68
-4.58,-0.53,5.23,0.13,-1.36,-0.84
-4.80,-0.75,4.12,-0.24,-1.44,-0.82
-4.67,-0.34,3.01,-0.65,-0.83,-0.65
-4.43,0.73,2.72,-0.97,0.28,-0.44
-4.44,0.37,3.31,-1.35,1.18,-0.22
-3.94,-0.70,4.28,-1.87,1.25,-0.12
-3.04,-1.57,4.85,-2.26,1.15,-0.25
-2.70,-2.05,6.00,-2.37,1.48,-0.54
-3.34,-2.50,7.96,-2.16,1.81,-0.87
-4.68,-2.68,9.86,-1.77,1.47,-1.15
-5.85,-2.42,10.81,-1.31,0.36,-1.32
-6.51,-2.96,9.94,-0.91,-0.79,-1.34
-6.83,-3.59,9.05,-0.65,-1.51,-1.14
-6.96,-3.94,8.97,-0.51,-1.79,-0.76
-7.04,-4.27,9.55,-0.40,-2.00,-0.24
-7.06,-4.57,10.56,-0.27,-2.32,0.30
-6.59,-4.05,11.28,0.02,-2.70,0.78
-4.98,-3.35,10.60,0.53,-2.72,1.02
-4.04,-3.81,9.46,0.99,-2.39,1.01
-3.13,-3.97,8.59,1.20,-2.14,0.92
-2.04,-3.63,8.09,1.23,-1.86,0.75
-1.57,-3.46,8.14,1.19,-1.64,0.51
-1.62,-3.63,8.93,1.09,-1.64,0.34
-1.81,-3.73,9.56,1.01,-1.88,0.18
-2.03,-3.52,9.85,1.04,-2.07,0.07
-2.13,-2.92,9.74,1.22,-2.17,0.03
-2.00,-2.45,8.98,1.42,-2.22,-0.02
-1.91,-2.13,8.13,1.56,-2.17,-0.07
-1.89,-1.71,7.62,1.58,-2.10,-0.12
-1.79,-1.22,7.25,1.55,-2.03,-0.15
-1.55,-0.38,6.90,1.50,-1.92,-0.20
-1.28,0.08,6.47,1.38,-1.67,-0.18
-1.06,0.30,6.59,1.22,-1.30,-0.05
-0.98,0.39,7.40,1.07,-1.02,0.17
-0.81,0.32,8.20,0.95,-0.98,0.42
-0.51,0.11,8.55,0.91,-0.99,0.59
-0.36,0.06,8.53,0.92,-0.95,0.65
-0.35,0.28,8.23,0.93,-0.87,0.71
-0.27,0.60,7.99,0.87,-0.79,0.89
0.01,0.69,7.84,0.74,-0.75,1.07
0.25,0.85,7.85,0.57,-0.70,1.17
